iso3,iso2,country_name_en,country_name_fa,latitude,longitude,other_labels
AND,AD,Andorra,آندورا,42.5462,1.6016,"AND / AD / Principality of Andorra / Andorra, Principality of"
ARE,AE,United Arab Emirates,امارات متحده عربی,23.4241,53.8478,ARE / AE / United Arab Emirates / United Arab Emirates
AFG,AF,Afghanistan,افغانستان,33.9391,67.71,"AFG / AF / Islamic Republic of Afghanistan / Afghanistan, Islamic Republic of / Islamic Rep. of Afghanistan / Islamic Rep of Afghanistan / Afghanistan, Islamic Rep. / Afghanistan, Islamic Rep"
ATG,AG,Antigua and Barbuda,آنتیگوا و باربودا,17.0608,-61.7964,ATG / AG / Antigua and Barbuda / Antigua and Barbuda
AIA,AI,Anguilla,آنگویلا,18.2206,-63.0686,AIA / AI / Anguilla / Anguilla
ALB,AL,Albania,آلبانی,41.1533,20.1683,"ALB / AL / Republic of Albania / Albania, Republic of / Rep. of Albania / Rep of Albania / Albania, Rep. / Albania, Rep"
ARM,AM,Armenia,ارمنستان,40.0691,45.0382,"ARM / AM / Republic of Armenia / Armenia, Republic of / Rep. of Armenia / Rep of Armenia / Armenia, Rep. / Armenia, Rep"
AGO,AO,Angola,آنگولا,-11.2027,17.8739,"AGO / AO / Republic of Angola / Angola, Republic of / Rep. of Angola / Rep of Angola / Angola, Rep. / Angola, Rep"
ATA,AQ,Antarctica,قطب جنوب,-75.251,-0.0714,ATA / AQ / Antarctica / Antarctica
ARG,AR,Argentina,آرژانتین,-38.4161,-63.6167,"ARG / AR / Argentine Republic / Argentina, Argentine Republic / Argentine Rep. / Argentine Rep / Argentina, Argentine Rep. / Argentina, Argentine Rep"
ASM,AS,American Samoa,ساموآی آمریکا,-14.271,-170.1322,ASM / AS / American Samoa / American Samoa
AUT,AT,Austria,اتریش,47.5162,14.5501,"AUT / AT / Republic of Austria / Austria, Republic of / Rep. of Austria / Rep of Austria / Austria, Rep. / Austria, Rep"
AUS,AU,Australia,استرالیا,-25.2744,133.7751,"AUS / AU / Commonwealth of Australia / Australia, Commonwealth of"
ABW,AW,Aruba,آروبا,12.5211,-69.9683,ABW / AW / Aruba / Aruba
ALA,AX,Åland Islands,جزایر آلند,60.198,19.9348,ALA / AX / Åland Islands / Åland Islands
AZE,AZ,Azerbaijan,آذربایجان,40.1431,47.5769,"AZE / AZ / Republic of Azerbaijan / Azerbaijan, Republic of / Rep. of Azerbaijan / Rep of Azerbaijan / Azerbaijan, Rep. / Azerbaijan, Rep"
BIH,BA,Bosnia and Herzegovina,بوسنی و هرزگوین,43.9159,17.6791,BIH / BA / Bosnia and Herzegovina / Bosnia and Herzegovina
BRB,BB,Barbados,باربادوس,13.1939,-59.5432,BRB / BB / Barbados / Barbados
BGD,BD,Bangladesh,بنگلادش,23.685,90.3563,"BGD / BD / People's Republic of Bangladesh / Bangladesh, People's Republic of / People's Rep. of Bangladesh / People's Rep of Bangladesh / Bangladesh, People's Rep. of / Bangladesh, People's Rep"
BEL,BE,Belgium,بلژیک,50.5039,4.4699,"BEL / BE / Kingdom of Belgium / Belgium, Kingdom of"
BFA,BF,Burkina Faso,بورکینافاسو,12.2383,-1.5616,BFA / BF / Burkina Faso / Burkina Faso
BGR,BG,Bulgaria,بلغارستان,42.7339,25.4858,"BGR / BG / Republic of Bulgaria / Bulgaria, Republic of / Rep. of Bulgaria / Rep of Bulgaria / Bulgaria, Rep. / Bulgaria, Rep"
BHR,BH,Bahrain,بحرین,25.9304,50.6378,"BHR / BH / Kingdom of Bahrain / Bahrain, Kingdom of"
BDI,BI,Burundi,بوروندی,-3.3731,29.9189,"BDI / BI / Republic of Burundi / Burundi, Republic of / Rep. of Burundi / Rep of Burundi / Burundi, Rep. / Burundi, Rep"
BEN,BJ,Benin,بنین,9.3077,2.3158,"BEN / BJ / Republic of Benin / Benin, Republic of / Rep. of Benin / Rep of Benin / Benin, Rep. / Benin, Rep"
BLM,BL,Saint Barthélemy,سنت بارتلمی,17.9005,-62.8333,BLM / BL / Collectivity of Saint Barthélemy / Saint Barthélemy
BMU,BM,Bermuda,برمودا,32.3214,-64.7574,BMU / BM / Bermuda / Bermuda
BRN,BN,Brunei Darussalam,برونئی دارالسلام,4.5353,114.7277,BRN / BN / Brunei Darussalam / Brunei Darussalam
BOL,BO,Bolivia,بولیوی,-16.2902,-63.5887,"BOL / BO / Plurinational State of Bolivia / Bolivia, Plurinational State of"
BES,BQ,"Bonaire, Sint Eustatius and Saba",بونیر، سینت اوستاتیوس و صبا,12.1784,-68.2385,"BES / BQ / Bonaire, Sint Eustatius and Saba / Bonaire, Sint Eustatius and Saba"
BRA,BR,Brazil,برزیل,-14.235,-51.9253,"BRA / BR / Federative Republic of Brazil / Brazil, Federative Republic of / Federative Rep. of Brazil / Federative Rep of Brazil / Brazil, Federative Rep. / Brazil, Federative Rep"
BHS,BS,Bahamas,باهاما,25.0343,-77.3963,"BHS / BS / Commonwealth of the Bahamas / Bahamas, The"
BTN,BT,Bhutan,بوتان,27.5142,90.4336,"BTN / BT / Kingdom of Bhutan / Bhutan, Kingdom of"
BVT,BV,Bouvet Island,جزیره بووه,-54.4232,3.4132,BVT / BV / Bouvet Island / Bouvet Island
BWA,BW,Botswana,بوتسوانا,-22.3285,24.6849,"BWA / BW / Republic of Botswana / Botswana, Republic of / Rep. of Botswana / Rep of Botswana / Botswana, Rep. / Botswana, Rep"
BLR,BY,Belarus,بلاروس,53.7098,27.9534,"BLR / BY / Republic of Belarus / Belarus, Republic of / Rep. of Belarus / Rep of Belarus / Belarus, Rep. / Belarus, Rep"
BLZ,BZ,Belize,بلیز,17.1899,-88.4977,BLZ / BZ / Belize / Belize
CAN,CA,Canada,کانادا,56.1304,-106.3468,CAN / CA / Canada / Canada
CCK,CC,Cocos (Keeling) Islands,جزایر کوکوس (کیلینگ),-12.1642,96.871,CCK / CC / Territory of Cocos (Keeling) Islands / Cocos (Keeling) Islands
COD,CD,"Congo, The Democratic Republic of the",کنگو، جمهوری دموکراتیک,-4.0383,21.7587,"COD / CD / Democratic Republic of the Congo / Congo, Dem. Rep. / Democratic Rep. of the Congo / Democratic Rep of the Congo / Congo, Dem Rep"
CAF,CF,Central African,آفریقای مرکزی,6.6111,20.9394,CAF / CF / Central African Republic / Central African Republic / Central African Rep. / Central African Rep
COG,CG,Congo,کنگو,-0.228,15.8277,"COG / CG / Republic of the Congo / Congo, Rep. / Rep. of the Congo / Rep of the Congo / Congo, Rep"
CHE,CH,Switzerland,سوئیس,46.8182,8.2275,CHE / CH / Swiss Confederation / Switzerland
CIV,CI,Côte d'Ivoire,ساحل عاج,7.54,-5.5471,"CIV / CI / Republic of Côte d'Ivoire / Côte d'Ivoire / Rep. of Côte d'Ivoire / Rep of Côte d'Ivoire / Côte d'Ivoire, Rep. / Côte d'Ivoire, Rep"
COK,CK,Cook Islands,جزایر کوک,-21.2367,-159.7777,COK / CK / Cook Islands / Cook Islands
CHL,CL,Chile,شیلی,-35.6751,-71.543,"CHL / CL / Republic of Chile / Chile, Republic of / Rep. of Chile / Rep of Chile / Chile, Rep. / Chile, Rep"
CMR,CM,Cameroon,کامرون,7.3697,12.3547,"CMR / CM / Republic of Cameroon / Cameroon, Republic of / Rep. of Cameroon / Rep of Cameroon / Cameroon, Rep. / Cameroon, Rep"
CHN,CN,China,چین,35.8617,104.1954,"CHN / CN / People's Republic of China / China / People's Rep. of China / People's Rep of China / China, People's Rep. / China, People's Rep"
COL,CO,Colombia,کلمبیا,4.5709,-74.2973,"COL / CO / Republic of Colombia / Colombia, Republic of / Rep. of Colombia / Rep of Colombia / Colombia, Rep. / Colombia, Rep"
CRI,CR,Costa Rica,کاستاریکا,9.7489,-83.7534,"CRI / CR / Republic of Costa Rica / Costa Rica, Republic of / Rep. of Costa Rica / Rep of Costa Rica / Costa Rica, Rep. / Costa Rica, Rep"
CUB,CU,Cuba,کوبا,21.5218,-77.7812,"CUB / CU / Republic of Cuba / Cuba, Republic of / Rep. of Cuba / Rep of Cuba / Cuba, Rep. / Cuba, Rep"
CPV,CV,Cabo Verde,کابو ورد,16.0021,-24.0132,"CPV / CV / Republic of Cabo Verde / Cabo Verde, Republic of / Rep. of Cabo Verde / Rep of Cabo Verde / Cabo Verde, Rep. / Cabo Verde, Rep"
CUW,CW,Curaçao,کوراسائو,12.1696,-68.99,CUW / CW / Country of Curaçao / Curaçao
CXR,CX,Christmas Island,جزیره کریسمس,-10.4475,105.6904,CXR / CX / Territory of Christmas Island / Christmas Island
CYP,CY,Cyprus,قبرس,35.1264,33.4299,"CYP / CY / Republic of Cyprus / Cyprus, Republic of / Rep. of Cyprus / Rep of Cyprus / Cyprus, Rep. / Cyprus, Rep"
CZE,CZ,Czechia,چک,49.8175,15.473,CZE / CZ / Czech Republic / Czech Republic / Czech Rep. / Czech Rep
DEU,DE,Germany,آلمان,51.1657,10.4515,"DEU / DE / Federal Republic of Germany / Germany, Federal Republic of / Federal Rep. of Germany / Federal Rep of Germany / Germany, Federal Rep. / Germany, Federal Rep"
DJI,DJ,Djibouti,جیبوتی,11.8251,42.5903,"DJI / DJ / Republic of Djibouti / Djibouti, Republic of / Rep. of Djibouti / Rep of Djibouti / Djibouti, Rep. / Djibouti, Rep"
DNK,DK,Denmark,دانمارک,56.2639,9.5018,"DNK / DK / Kingdom of Denmark / Denmark, Kingdom of"
DMA,DM,Dominica,دومینیکا,15.415,-61.371,"DMA / DM / Commonwealth of Dominica / Dominica, Commonwealth of"
DOM,DO,Dominican Republic,دومینیکن,18.7357,-70.1627,DOM / DO / Dominican Republic / Dominican Republic / Dominican Rep. / Dominican Rep
DZA,DZ,Algeria,الجزایر,28.0339,1.6596,"DZA / DZ / People's Democratic Republic of Algeria / Algeria, People's Democratic Republic of / People's Democratic Rep. of Algeria / People's Democratic Rep of Algeria / Algeria, People's Democratic Rep. / Algeria, People's Democratic Rep"
ECU,EC,Ecuador,اکوادور,-1.8312,-78.1834,"ECU / EC / Republic of Ecuador / Ecuador, Republic of / Rep. of Ecuador / Rep of Ecuador / Ecuador, Rep. / Ecuador, Rep"
EST,EE,Estonia,استونی,58.5953,25.0136,"EST / EE / Republic of Estonia / Estonia, Republic of / Rep. of Estonia / Rep of Estonia / Estonia, Rep. / Estonia, Rep"
EGY,EG,Egypt,مصر,26.8206,30.8025,"EGY / EG / Arab Republic of Egypt / Egypt, Arab Rep. / Arab Rep. of Egypt / Arab Rep of Egypt / Egypt, Arab Rep. / Egypt, Arab Rep"
ESH,EH,Western Sahara,صحرای غربی,24.2155,-12.8858,ESH / EH / Western Sahara / Western Sahara
ERI,ER,Eritrea,اریتره,15.1794,39.7823,"ERI / ER / State of Eritrea / Eritrea, State of"
ESP,ES,Spain,اسپانیا,40.4637,-3.7492,"ESP / ES / Kingdom of Spain / Spain, Kingdom of"
ETH,ET,Ethiopia,اتیوپی,9.145,40.4897,"ETH / ET / Federal Democratic Republic of Ethiopia / Ethiopia, Federal Democratic Republic of / Federal Democratic Rep. of Ethiopia / Federal Democratic Rep of Ethiopia / Ethiopia, Federal Democratic Rep. of / Ethiopia, Federal Democratic Rep"
FIN,FI,Finland,فنلاند,61.9241,25.7482,"FIN / FI / Republic of Finland / Finland, Republic of / Rep. of Finland / Rep of Finland / Finland, Rep. / Finland, Rep"
FJI,FJ,Fiji,فیجی,-16.5782,179.4144,"FJI / FJ / Republic of Fiji / Fiji, Republic of / Rep. of Fiji / Rep of Fiji / Fiji, Rep. / Fiji, Rep"
FLK,FK,Falkland Islands (Malvinas),جزایر فالکلند (مالویناس),-51.7963,-59.5236,FLK / FK / Falkland Islands (Malvinas) / Falkland Islands (Malvinas)
FSM,FM,Micronesia,میکرونزی,7.4256,150.5508,"FSM / FM / Federated States of Micronesia / Micronesia, Federated States of"
FRO,FO,Faroe Islands,جزایر فارو,61.8926,-6.9118,FRO / FO / Faroe Islands / Faroe Islands
FRA,FR,France,فرانسه,46.2276,2.2137,FRA / FR / French Republic / France / French Rep. / French Rep
GAB,GA,Gabon,گابن,-0.8037,11.6094,GAB / GA / Gabonese Republic / Gabon / Gabonese Rep. / Gabonese Rep
GBR,GB,United Kingdom,بریتانیا,55.3781,-3.436,GBR / GB / United Kingdom of Great Britain and Northern Ireland / United Kingdom
GRD,GD,Grenada,گرنادا,12.2628,-61.6042,GRD / GD / Grenada / Grenada
GEO,GE,Georgia,گرجستان,42.3154,43.3569,GEO / GE / Georgia / Georgia
GUF,GF,French Guiana,گویان فرانسه,3.9339,-53.1258,GUF / GF / French Guiana / French Guiana
GGY,GG,Guernsey,گرنزی,49.4657,-2.5853,"GGY / GG / Bailiwick of Guernsey / Guernsey, Bailiwick of"
GHA,GH,Ghana,غنا,7.9465,-1.0232,"GHA / GH / Republic of Ghana / Ghana, Republic of / Rep. of Ghana / Rep of Ghana / Ghana, Rep. / Ghana, Rep"
GIB,GI,Gibraltar,جبل الطارق,36.1377,-5.3454,GIB / GI / Gibraltar / Gibraltar
GRL,GL,Greenland,گرینلند,71.7069,-42.6043,GRL / GL / Greenland / Greenland
GMB,GM,Gambia,گامبیا,13.4432,-15.3101,"GMB / GM / Republic of the Gambia / Gambia, Republic of the / Rep. of the Gambia / Rep of the Gambia / Gambia, Rep. of the / Gambia, Rep of the"
GIN,GN,Guinea,گینه,9.9456,-9.6966,"GIN / GN / Republic of Guinea / Guinea, Republic of / Rep. of Guinea / Rep of Guinea / Guinea, Rep. / Guinea, Rep"
GLP,GP,Guadeloupe,گوادلوپ,16.996,-62.0676,GLP / GP / Guadeloupe / Guadeloupe
GNQ,GQ,Equatorial Guinea,گینه استوایی,1.6508,10.2679,"GNQ / GQ / Republic of Equatorial Guinea / Equatorial Guinea, Republic of / Rep. of Equatorial Guinea / Rep of Equatorial Guinea / Equatorial Guinea, Rep. / Equatorial Guinea, Rep"
GRC,GR,Greece,یونان,39.0742,21.8243,"GRC / GR / Hellenic Republic / Greece, Hellenic Republic / Hellenic Rep. / Hellenic Rep / Greece, Hellenic Rep. / Greece, Hellenic Rep"
SGS,GS,South Georgia and the South Sandwich Islands,جزایر جورجیای جنوبی و ساندویچ جنوبی,-54.4296,-36.5879,SGS / GS / South Georgia and the South Sandwich Islands / South Georgia and the South Sandwich Islands
GTM,GT,Guatemala,گواتمالا,15.7835,-90.2308,"GTM / GT / Republic of Guatemala / Guatemala, Republic of / Rep. of Guatemala / Rep of Guatemala / Guatemala, Rep. / Guatemala, Rep"
GUM,GU,Guam,گوام,13.4443,144.7937,GUM / GU / Guam / Guam
GNB,GW,Guinea-Bissau,گینه بیسائو,11.8037,-15.1804,"GNB / GW / Republic of Guinea-Bissau / Guinea-Bissau, Republic of / Rep. of Guinea-Bissau / Rep of Guinea-Bissau / Guinea-Bissau, Rep. / Guinea-Bissau, Rep"
GUY,GY,Guyana,گویانا,4.8604,-58.9302,"GUY / GY / Co-operative Republic of Guyana / Guyana, Co-operative Republic of / Co-operative Rep. of Guyana / Co-operative Rep of Guyana / Guyana, Co-operative Rep. of / Guyana, Co-operative Rep of"
HKG,HK,Hong Kong,هنگ کنگ,22.3964,114.1095,"HKG / HK / Hong Kong Special Administrative Region of China / Hong Kong, Special Administrative Region of China"
HMD,HM,Heard Island and McDonald Islands,جزیره هرد و جزایر مک‌دونالد,-53.0818,73.5042,"HMD / HM / Territory of Heard Island and McDonald Islands / Heard Island and McDonald Islands, Territory of"
HND,HN,Honduras,هندوراس,15.2,-86.2419,"HND / HN / Republic of Honduras / Honduras, Republic of / Rep. of Honduras / Rep of Honduras / Honduras, Rep. / Honduras, Rep"
HRV,HR,Croatia,کرواسی,45.1,15.2,"HRV / HR / Republic of Croatia / Croatia, Republic of / Rep. of Croatia / Rep of Croatia / Croatia, Rep. / Croatia, Rep"
HTI,HT,Haiti,هائیتی,18.9712,-72.2852,"HTI / HT / Republic of Haiti / Haiti, Republic of / Rep. of Haiti / Rep of Haiti / Haiti, Rep. / Haiti, Rep"
HUN,HU,Hungary,مجارستان,47.1625,19.5033,HUN / HU / Hungary / Hungary
IDN,ID,Indonesia,اندونزی,-0.7893,113.9213,"IDN / ID / Republic of Indonesia / Indonesia, Republic of / Rep. of Indonesia / Rep of Indonesia / Indonesia, Rep. / Indonesia, Rep"
IRL,IE,Ireland,ایرلند,53.4129,-8.2439,IRL / IE / Ireland / Ireland
ISR,IL,Israel,اسرائیل,31.0461,34.8516,"ISR / IL / State of Israel / Israel, State of"
IMN,IM,Isle of Man,جزیره من,54.2361,-4.5481,IMN / IM / Isle of Man / Isle of Man
IND,IN,India,هند,20.5937,78.9629,"IND / IN / Republic of India / India, Republic of / Rep. of India / Rep of India / India, Rep. / India, Rep"
IOT,IO,British Indian Ocean Territory,قلمرو بریتانیا در اقیانوس هند,-6.3432,71.8765,IOT / IO / British Indian Ocean Territory / British Indian Ocean Territory
IRQ,IQ,Iraq,عراق,33.2232,43.6793,"IRQ / IQ / Republic of Iraq / Iraq, Republic of / Rep. of Iraq / Rep of Iraq / Iraq, Rep. / Iraq, Rep"
IRN,IR,Iran,ایران,32.4279,53.688,"IRN / IR / Islamic Republic of Iran / Iran, Islamic Republic of / Islamic Rep. of Iran / Islamic Rep of Iran / Iran, Islamic Rep. / Iran, Islamic Rep"
ISL,IS,Iceland,ایسلند,64.9631,-19.0208,"ISL / IS / Republic of Iceland / Iceland, Republic of / Rep. of Iceland / Rep of Iceland / Iceland, Rep. / Iceland, Rep"
ITA,IT,Italy,ایتالیا,41.8719,12.5674,"ITA / IT / Italian Republic / Italy, Republic of / Rep. of Italy / Rep of Italy / Italy, Rep. / Italy, Rep"
JEY,JE,Jersey,جرسی,49.2144,-2.1313,JEY / JE / Jersey / Jersey
JAM,JM,Jamaica,جامائیکا,18.1096,-77.2975,JAM / JM / Jamaica / Jamaica
JOR,JO,Jordan,اردن,30.5852,36.2384,"JOR / JO / Hashemite Kingdom of Jordan / Jordan, Hashemite Kingdom of"
JPN,JP,Japan,ژاپن,36.2048,138.2529,JPN / JP / Japan / Japan
KEN,KE,Kenya,کنیا,-0.0236,37.9062,"KEN / KE / Republic of Kenya / Kenya, Republic of / Rep. of Kenya / Rep of Kenya / Kenya, Rep. / Kenya, Rep"
KGZ,KG,Kyrgyzstan,قرقیزستان,41.2044,74.7661,"KGZ / KG / Kyrgyz Republic / Kyrgyzstan, Kyrgyz Republic / Kyrgyz Rep. / Kyrgyz Rep / Kyrgyzstan, Kyrgyz Rep. / Kyrgyzstan, Kyrgyz Rep"
KHM,KH,Cambodia,کامبوج,12.5657,104.991,"KHM / KH / Kingdom of Cambodia / Cambodia, Kingdom of"
KIR,KI,Kiribati,کیریباتی,-3.3704,-168.734,"KIR / KI / Republic of Kiribati / Kiribati, Republic of / Rep. of Kiribati / Rep of Kiribati / Kiribati, Rep. / Kiribati, Rep"
COM,KM,Comoros,کومور,-11.875,43.8722,"COM / KM / Union of the Comoros / Comoros, Union of the"
KNA,KN,Saint Kitts and Nevis,سنت کیتس و نویس,17.3578,-62.783,"KNA / KN / Federation of Saint Kitts and Nevis / Saint Kitts and Nevis, Federation of"
PRK,KP,North Korea,کره شمالی,40.3399,127.5101,"PRK / KP / Democratic People's Republic of Korea / Korea, Democratic People's Republic of / Democratic People's Rep. of Korea / Democratic People's Rep of Korea / Korea, Democratic People's Rep. of / Korea, Democratic People's Rep of"
KOR,KR,South Korea,کره جنوبی,35.9078,127.7669,"KOR / KR / Republic of Korea / Korea, Republic of / Rep. of Korea / Rep of Korea / Korea, Rep. / Korea, Rep"
KWT,KW,Kuwait,کویت,29.3117,47.4818,"KWT / KW / State of Kuwait / Kuwait, State of"
CYM,KY,Cayman Islands,جزایر کیمن,19.5135,-80.567,CYM / KY / Cayman Islands / Cayman Islands
KAZ,KZ,Kazakhstan,قزاقستان,48.0196,66.9237,"KAZ / KZ / Republic of Kazakhstan / Kazakhstan, Republic of / Rep. of Kazakhstan / Rep of Kazakhstan / Kazakhstan, Rep. / Kazakhstan, Rep"
LAO,LA,Laos,لائوس,19.8563,102.4955,LAO / LA / Lao People's Democratic Republic / Lao People's Democratic Republic / Lao People's Democratic Rep. / Lao People's Democratic Rep
LBN,LB,Lebanon,لبنان,33.8547,35.8623,"LBN / LB / Lebanese Republic / Lebanon, Lebanese Republic / Lebanese Rep. / Lebanese Rep / Lebanon, Lebanese Rep. / Lebanon, Lebanese Rep"
LCA,LC,Saint Lucia,سنت لوسیا,13.9094,-60.9789,LCA / LC / Saint Lucia / St. Lucia
LIE,LI,Liechtenstein,لیختن‌اشتاین,47.166,9.5554,"LIE / LI / Principality of Liechtenstein / Liechtenstein, Principality of"
LKA,LK,Sri Lanka,سریلانکا,7.8731,80.7718,"LKA / LK / Democratic Socialist Republic of Sri Lanka / Sri Lanka, Democratic Socialist Republic of / Democratic Socialist Rep. of Sri Lanka / Democratic Socialist Rep of Sri Lanka / Sri Lanka, Democratic Socialist Rep. / Sri Lanka, Democratic Socialist Rep"
LBR,LR,Liberia,لیبریا,6.4281,-9.4295,"LBR / LR / Republic of Liberia / Liberia, Republic of / Rep. of Liberia / Rep of Liberia / Liberia, Rep. / Liberia, Rep"
LSO,LS,Lesotho,لسوتو,-29.61,28.2336,"LSO / LS / Kingdom of Lesotho / Lesotho, Kingdom of"
LTU,LT,Lithuania,لیتوانی,55.1694,23.8813,"LTU / LT / Republic of Lithuania / Lithuania, Republic of / Rep. of Lithuania / Rep of Lithuania / Lithuania, Rep. / Lithuania, Rep"
LUX,LU,Luxembourg,لوکزامبورگ,49.8153,6.1296,"LUX / LU / Grand Duchy of Luxembourg / Luxembourg, Grand Duchy of"
LVA,LV,Latvia,لتونی,56.8796,24.6032,"LVA / LV / Republic of Latvia / Latvia, Republic of / Rep. of Latvia / Rep of Latvia / Latvia, Rep. / Latvia, Rep"
LBY,LY,Libya,لیبی,26.3351,17.2283,"LBY / LY / State of Libya / Libya, State of"
MAR,MA,Morocco,مراکش,31.7917,-7.0926,"MAR / MA / Kingdom of Morocco / Morocco, Kingdom of"
MCO,MC,Monaco,موناکو,43.7503,7.4128,"MCO / MC / Principality of Monaco / Monaco, Principality of"
MDA,MD,"Moldova, Republic of",مولداوی,47.4116,28.3699,"MDA / MD / Republic of Moldova / Moldova, Republic of / Rep. of Moldova / Rep of Moldova / Moldova, Rep. / Moldova, Rep"
MNE,ME,Montenegro,مونته‌نگرو,42.7087,19.3744,"MNE / ME / Montenegro / Montenegro, Republic of / Montenegro, Rep. / Montenegro, Rep"
MAF,MF,Saint Martin (French part),سنت مارتین (بخش فرانسوی),18.0826,-63.0523,MAF / MF / Saint Martin (French part) / St. Martin (French part)
MDG,MG,Madagascar,ماداگاسکار,-18.7669,46.8691,"MDG / MG / Republic of Madagascar / Madagascar, Republic of / Rep. of Madagascar / Rep of Madagascar / Madagascar, Rep. / Madagascar, Rep"
MHL,MH,Marshall Islands,جزایر مارشال,7.1315,171.1845,"MHL / MH / Republic of the Marshall Islands / Marshall Islands, Republic of the / Rep. of the Marshall Islands / Rep of the Marshall Islands / Marshall Islands, Rep. of the / Marshall Islands, Rep of the"
MKD,MK,North Macedonia,مقدونیه شمالی,41.6086,21.7453,"MKD / MK / Republic of North Macedonia / North Macedonia, Republic of / Rep. of North Macedonia / Rep of North Macedonia / North Macedonia, Rep. / North Macedonia, Rep"
MLI,ML,Mali,مالی,17.5707,-3.9962,"MLI / ML / Republic of Mali / Mali, Republic of / Rep. of Mali / Rep of Mali / Mali, Rep. / Mali, Rep"
MMR,MM,Myanmar,میانمار,21.914,95.9562,"MMR / MM / Republic of the Union of Myanmar / Myanmar, Republic of the Union of / Rep. of the Union of Myanmar / Rep of the Union of Myanmar / Myanmar, Rep. of the Union of / Myanmar, Rep of the Union of"
MNG,MN,Mongolia,مغولستان,46.8625,103.8467,MNG / MN / Mongolia / Mongolia
MAC,MO,Macao,ماکائو,22.1987,113.5439,"MAC / MO / Macao Special Administrative Region of China / Macao SAR, China"
MNP,MP,Northern Mariana Islands,جزایر ماریانای شمالی,17.3308,145.3847,"MNP / MP / Commonwealth of the Northern Mariana Islands / Northern Mariana Islands, Commonwealth of the"
MTQ,MQ,Martinique,مارتینیک,14.6415,-61.0242,MTQ / MQ / Martinique / Martinique
MRT,MR,Mauritania,موریتانی,21.0079,-10.9408,"MRT / MR / Islamic Republic of Mauritania / Mauritania, Islamic Republic of / Islamic Rep. of Mauritania / Islamic Rep of Mauritania / Mauritania, Islamic Rep. / Mauritania, Islamic Rep"
MSR,MS,Montserrat,مونتسرات,16.7425,-62.1874,MSR / MS / Montserrat / Montserrat
MLT,MT,Malta,مالت,35.9375,14.3754,"MLT / MT / Republic of Malta / Malta, Republic of / Rep. of Malta / Rep of Malta / Malta, Rep. / Malta, Rep"
MUS,MU,Mauritius,موریس,-20.3484,57.5522,"MUS / MU / Republic of Mauritius / Mauritius, Republic of / Rep. of Mauritius / Rep of Mauritius / Mauritius, Rep. / Mauritius, Rep"
MDV,MV,Maldives,مالدیو,3.2028,73.2207,"MDV / MV / Republic of Maldives / Maldives, Republic of / Rep. of Maldives / Rep of Maldives / Maldives, Rep. / Maldives, Rep"
MWI,MW,Malawi,مالاوی,-13.2543,34.3015,"MWI / MW / Republic of Malawi / Malawi, Republic of / Rep. of Malawi / Rep of Malawi / Malawi, Rep. / Malawi, Rep"
MEX,MX,Mexico,مکزیک,23.6345,-102.5528,"MEX / MX / United Mexican States / Mexico, United Mexican States"
MYS,MY,Malaysia,مالزی,4.2105,101.9758,MYS / MY / Malaysia / Malaysia
MOZ,MZ,Mozambique,موزامبیک,-18.6657,35.5296,"MOZ / MZ / Republic of Mozambique / Mozambique, Republic of / Rep. of Mozambique / Rep of Mozambique / Mozambique, Rep. / Mozambique, Rep"
NAM,NA,Namibia,نامیبیا,-22.9576,18.4904,"NAM / NA / Republic of Namibia / Namibia, Republic of / Rep. of Namibia / Rep of Namibia / Namibia, Rep. / Namibia, Rep"
NCL,NC,New Caledonia,کالدونیای جدید,-20.9043,165.618,NCL / NC / New Caledonia / New Caledonia
NER,NE,Niger,نیجر,17.6078,8.0817,"NER / NE / Republic of Niger / Niger, Republic of / Rep. of Niger / Niger, Rep. / Niger, Rep"
NFK,NF,Norfolk Island,جزیره نورفولک,-29.0408,167.9547,NFK / NF / Territory of Norfolk Island / Norfolk Island
NGA,NG,Nigeria,نیجریه,9.082,8.6753,"NGA / NG / Federal Republic of Nigeria / Nigeria, Federal Republic of / Federal Rep. of Nigeria / Federal Rep of Nigeria / Nigeria, Federal Rep. of / Nigeria, Federal Rep"
NIC,NI,Nicaragua,نیکاراگوئه,12.8654,-85.2072,"NIC / NI / Republic of Nicaragua / Nicaragua, Republic of / Rep. of Nicaragua / Rep of Nicaragua / Nicaragua, Rep. / Nicaragua, Rep"
NLD,NL,Netherlands,هلند,52.1326,5.2913,"NLD / NL / Kingdom of the Netherlands / Netherlands, Kingdom of the"
NOR,NO,Norway,نروژ,60.472,8.4689,"NOR / NO / Kingdom of Norway / Norway, Kingdom of"
NPL,NP,Nepal,نپال,28.3949,84.124,"NPL / NP / Federal Democratic Republic of Nepal / Nepal, Federal Democratic Republic of / Federal Democratic Rep. of Nepal / Federal Democratic Rep of Nepal / Nepal, Federal Democratic Rep. of / Nepal, Federal Democratic Rep"
NRU,NR,Nauru,نائورو,-0.5228,166.9315,"NRU / NR / Republic of Nauru / Nauru, Republic of / Rep. of Nauru / Rep of Nauru / Nauru, Rep. / Nauru, Rep"
NIU,NU,Niue,نیوئه,-19.0544,-169.8672,NIU / NU / Niue / Niue
NZL,NZ,New Zealand,نیوزیلند,-40.9006,174.886,NZL / NZ / New Zealand / New Zealand
OMN,OM,Oman,عمان,21.5126,55.9233,"OMN / OM / Sultanate of Oman / Oman, Sultanate of"
PAN,PA,Panama,پاناما,8.538,-80.7821,"PAN / PA / Republic of Panama / Panama, Republic of / Rep. of Panama / Rep of Panama / Panama, Rep. / Panama, Rep"
PER,PE,Peru,پرو,-9.19,-75.0152,"PER / PE / Republic of Peru / Peru, Republic of / Rep. of Peru / Rep of Peru / Peru, Rep. / Peru, Rep"
PYF,PF,French Polynesia,پلی‌نزی فرانسه,-17.6797,-149.4068,PYF / PF / French Polynesia / French Polynesia
PNG,PG,Papua New Guinea,پاپوآ گینه نو,-6.315,143.9556,"PNG / PG / Independent State of Papua New Guinea / Papua New Guinea, Independent State of"
PHL,PH,Philippines,فیلیپین,12.8797,121.774,"PHL / PH / Republic of the Philippines / Philippines, Republic of the / Rep. of the Philippines / Rep of the Philippines / Philippines, Rep. of the / Philippines, Rep of the"
PAK,PK,Pakistan,پاکستان,30.3753,69.3451,"PAK / PK / Islamic Republic of Pakistan / Pakistan, Islamic Republic of / Islamic Rep. of Pakistan / Islamic Rep of Pakistan / Pakistan, Islamic Rep. / Pakistan, Islamic Rep"
POL,PL,Poland,لهستان,51.9194,19.1451,"POL / PL / Republic of Poland / Poland, Republic of / Rep. of Poland / Rep of Poland / Poland, Rep. / Poland, Rep"
SPM,PM,Saint Pierre and Miquelon,سنت پیر و میکلون,46.9419,-56.2711,SPM / PM / Saint Pierre and Miquelon / Saint Pierre and Miquelon
PCN,PN,Pitcairn,پیت‌کرن,-24.7036,-127.4393,PCN / PN / Pitcairn / Pitcairn
PRI,PR,Puerto Rico,پورتوریکو,18.2208,-66.5901,PRI / PR / Puerto Rico / Puerto Rico
PSE,PS,Palestine,فلسطین,31.9522,35.2332,"PSE / PS / State of Palestine / Palestine, State of"
PRT,PT,Portugal,پرتغال,39.3999,-8.2245,PRT / PT / Portuguese Republic / Portuguese Republic / Portuguese Rep. / Portuguese Rep
PLW,PW,Palau,پالائو,7.515,134.5825,"PLW / PW / Republic of Palau / Palau, Republic of / Rep. of Palau / Rep of Palau / Palau, Rep. / Palau, Rep"
PRY,PY,Paraguay,پاراگوئه,-23.4425,-58.4438,"PRY / PY / Republic of Paraguay / Paraguay, Republic of / Rep. of Paraguay / Rep of Paraguay / Paraguay, Rep. / Paraguay, Rep"
QAT,QA,Qatar,قطر,25.3548,51.1839,"QAT / QA / State of Qatar / Qatar, State of"
REU,RE,Réunion,رئونیون,-21.1151,55.5364,REU / RE / Reunion / Réunion
ROU,RO,Romania,رومانی,45.9432,24.9668,ROU / RO / Romania / Romania
SRB,RS,Serbia,صربستان,44.0165,21.0059,"SRB / RS / Republic of Serbia / Serbia, Republic of / Rep. of Serbia / Rep of Serbia / Serbia, Rep. / Serbia, Rep"
RUS,RU,Russian Federation,فدراسیون روسیه,61.524,105.3188,RUS / RU / Russian Federation / Russia
RWA,RW,Rwanda,رواندا,-1.9403,29.8739,"RWA / RW / Republic of Rwanda / Rwanda, Republic of / Rep. of Rwanda / Rep of Rwanda / Rwanda, Rep. / Rwanda, Rep"
SAU,SA,Saudi Arabia,عربستان سعودی,23.8859,45.0792,"SAU / SA / Kingdom of Saudi Arabia / Saudi Arabia, Kingdom of"
SLB,SB,Solomon Islands,جزایر سلیمان,-9.6457,160.1562,SLB / SB / Solomon Islands / Solomon Islands
SYC,SC,Seychelles,سیشل,-4.6796,55.492,"SYC / SC / Republic of Seychelles / Seychelles, Republic of / Rep. of Seychelles / Rep of Seychelles / Seychelles, Rep. / Seychelles, Rep"
SDN,SD,Sudan,سودان,12.8628,30.2176,"SDN / SD / Republic of the Sudan / Sudan, Republic of / Rep. of the Sudan / Rep of the Sudan / Sudan, Rep. / Sudan, Rep"
SWE,SE,Sweden,سوئد,60.1282,18.6435,"SWE / SE / Kingdom of Sweden / Sweden, Kingdom of"
SGP,SG,Singapore,سنگاپور,1.3521,103.8198,"SGP / SG / Republic of Singapore / Singapore, Republic of / Rep. of Singapore / Rep of Singapore / Singapore, Rep. / Singapore, Rep"
SHN,SH,"Saint Helena, Ascension and Tristan da Cunha",سنت هلنا، اسنشن و تریستان دا کونا,-24.1435,-10.0307,"SHN / SH / Saint Helena, Ascension and Tristan da Cunha / Saint Helena"
SVN,SI,Slovenia,اسلوونی,46.1512,14.9955,"SVN / SI / Republic of Slovenia / Slovenia, Republic of / Rep. of Slovenia / Rep of Slovenia / Slovenia, Rep. / Slovenia, Rep"
SJM,SJ,Svalbard and Jan Mayen,سوالبارد و جان ماین,77.5536,23.6703,SJM / SJ / Svalbard and Jan Mayen / Svalbard and Jan Mayen Islands
SVK,SK,Slovakia,اسلواکی,48.669,19.699,SVK / SK / Slovak Republic / Slovakia / Slovak Rep. / Slovak Rep
SLE,SL,Sierra Leone,سیرالئون,8.4606,-11.7799,"SLE / SL / Republic of Sierra Leone / Sierra Leone, Republic of / Rep. of Sierra Leone / Rep of Sierra Leone / Sierra Leone, Rep. / Sierra Leone, Rep"
SMR,SM,San Marino,سن مارینو,43.9424,12.4578,"SMR / SM / Republic of San Marino / San Marino, Republic of / Rep. of San Marino / Rep of San Marino / San Marino, Rep. / San Marino, Rep"
SEN,SN,Senegal,سنگال,14.4974,-14.4524,"SEN / SN / Republic of Senegal / Senegal, Republic of / Rep. of Senegal / Rep of Senegal / Senegal, Rep. / Senegal, Rep"
SOM,SO,Somalia,سومالی,5.1521,46.1996,"SOM / SO / Federal Republic of Somalia / Somalia, Federal Republic of / Federal Rep. of Somalia / Federal Rep of Somalia / Somalia, Federal Rep. / Somalia, Federal Rep"
SUR,SR,Suriname,سورینام,3.9193,-56.0278,"SUR / SR / Republic of Suriname / Suriname, Republic of / Rep. of Suriname / Rep of Suriname / Suriname, Rep. / Suriname, Rep"
SSD,SS,South Sudan,سودان جنوبی,7.7307,30.0635,"SSD / SS / Republic of South Sudan / South Sudan, Republic of / Rep. of South Sudan / Rep of South Sudan / South Sudan, Rep. / South Sudan, Rep"
STP,ST,Sao Tome and Principe,سائوتومه و پرینسیپ,0.1864,6.6131,"STP / ST / Democratic Republic of Sao Tome and Principe / Sao Tome and Principe, Democratic Republic of / Democratic Rep. of Sao Tome and Principe / Democratic Rep of Sao Tome and Principe / Sao Tome and Principe, Democratic Rep. / Sao Tome and Principe, Democratic Rep"
SLV,SV,El Salvador,السالوادور,13.7942,-88.8965,"SLV / SV / Republic of El Salvador / El Salvador, Republic of / Rep. of El Salvador / Rep of El Salvador / El Salvador, Rep. / El Salvador, Rep"
SXM,SX,Sint Maarten (Dutch part),سنت مارتن (بخش هلندی),18.0425,-63.0548,SXM / SX / Sint Maarten (Dutch part) / Sint Maarten (Dutch part)
SYR,SY,Syria,سوریه,34.8021,38.9968,SYR / SY / Syrian Arab Republic / Syrian Arab Republic / Syrian Arab Rep. / Syrian Arab Rep
SWZ,SZ,Eswatini,اسواتینی,-26.5225,31.4659,"SWZ / SZ / Kingdom of Eswatini / Eswatini, Kingdom of"
TCA,TC,Turks and Caicos Islands,جزایر تورکس و کایکوس,21.694,-71.7979,TCA / TC / Turks and Caicos Islands / Turks and Caicos Islands
TCD,TD,Chad,چاد,15.4542,18.7322,"TCD / TD / Republic of Chad / Chad, Republic of / Rep. of Chad / Rep of Chad / Chad, Rep. / Chad, Rep"
ATF,TF,French Southern Territories,سرزمین‌های جنوبی فرانسه,-49.2804,69.3486,ATF / TF / French Southern Territories / French Southern Territories
TGO,TG,Togo,توگو,8.6195,0.8248,"TGO / TG / Togolese Republic / Togo, Togolese Republic / Togolese Rep. / Togolese Rep / Togo, Togolese Rep. / Togo, Togolese Rep"
THA,TH,Thailand,تایلند,15.87,100.9925,"THA / TH / Kingdom of Thailand / Thailand, Kingdom of"
TJK,TJ,Tajikistan,تاجیکستان,38.861,71.2761,"TJK / TJ / Republic of Tajikistan / Tajikistan, Republic of / Rep. of Tajikistan / Rep of Tajikistan / Tajikistan, Rep. / Tajikistan, Rep"
TKL,TK,Tokelau,توکلائو,-8.9674,-171.8559,TKL / TK / Tokelau / Tokelau
TLS,TL,Timor-Leste,تیمور شرقی,-8.8742,125.7275,"TLS / TL / Democratic Republic of Timor-Leste / Timor-Leste, Democratic Republic of / Democratic Rep. of Timor-Leste / Democratic Rep of Timor-Leste / Timor-Leste, Democratic Rep. / Timor-Leste, Democratic Rep"
TKM,TM,Turkmenistan,ترکمنستان,38.9697,59.5563,TKM / TM / Turkmenistan / Turkmenistan
TUN,TN,Tunisia,تونس,33.8869,9.5375,"TUN / TN / Republic of Tunisia / Tunisia, Republic of / Rep. of Tunisia / Rep of Tunisia / Tunisia, Rep. / Tunisia, Rep"
TON,TO,Tonga,تونگا,-21.179,-175.1982,"TON / TO / Kingdom of Tonga / Tonga, Kingdom of"
TUR,TR,Turkey,ترکیه,38.9637,35.2433,"TUR / TR / Republic of Turkey / Turkey, Republic of / Rep. of Turkey / Rep of Turkey / Turkey, Rep. / Turkey, Rep"
TTO,TT,Trinidad and Tobago,ترینیداد و توباگو,10.6918,-61.2225,"TTO / TT / Republic of Trinidad and Tobago / Trinidad and Tobago, Republic of / Rep. of Trinidad and Tobago / Rep of Trinidad and Tobago / Trinidad and Tobago, Rep. / Trinidad and Tobago, Rep"
TUV,TV,Tuvalu,تووالو,-7.1095,177.6493,TUV / TV / Tuvalu / Tuvalu
TWN,TW,Taiwan,تایوان,23.6978,120.9605,"TWN / TW / Taiwan, Province of China / Taiwan, Province of China"
TZA,TZ,Tanzania,تانزانیا,-6.369,34.8888,"TZA / TZ / United Republic of Tanzania / Tanzania, United Republic of / United Rep. of Tanzania / United Rep of Tanzania / Tanzania, United Rep. / Tanzania, United Rep"
UKR,UA,Ukraine,اوکراین,48.3794,31.1656,UKR / UA / Ukraine / Ukraine
UGA,UG,Uganda,اوگاندا,1.3733,32.2903,"UGA / UG / Republic of Uganda / Uganda, Republic of / Rep. of Uganda / Rep of Uganda / Uganda, Rep. / Uganda, Rep"
UMI,UM,United States Minor Outlying Islands,جزایر کوچک حاشیه‌ای ایالات متحده,19.3,166.6333,UMI / UM / United States Minor Outlying Islands / United States Minor Outlying Islands
USA,US,United States,ایالات متحده,37.0902,-95.7129,USA / US / United States of America / United States of America
URY,UY,Uruguay,اروگوئه,-32.5228,-55.7658,"URY / UY / Oriental Republic of Uruguay / Uruguay, Oriental Republic of / Oriental Rep. of Uruguay / Oriental Rep of Uruguay / Uruguay, Oriental Rep. / Uruguay, Oriental Rep"
UZB,UZ,Uzbekistan,ازبکستان,41.3775,64.5853,"UZB / UZ / Republic of Uzbekistan / Uzbekistan, Republic of / Rep. of Uzbekistan / Rep of Uzbekistan / Uzbekistan, Rep. / Uzbekistan, Rep"
VAT,VA,Holy See (Vatican City State),سریر مقدس (دولت شهر واتیکان),41.9029,12.4534,VAT / VA / Holy See (Vatican City State) / Holy See (Vatican City State)
VCT,VC,Saint Vincent and the Grenadines,سنت وینسنت و گرنادین‌ها,12.9843,-61.2872,VCT / VC / Saint Vincent and the Grenadines / Saint Vincent and the Grenadines
VEN,VE,Venezuela,ونزوئلا,6.4238,-66.5897,"VEN / VE / Bolivarian Republic of Venezuela / Venezuela, Bolivarian Republic of / Bolivarian Rep. of Venezuela / Bolivarian Rep of Venezuela / Venezuela, Bolivarian Rep. / Venezuela, Bolivarian Rep"
VGB,VG,"Virgin Islands, British",جزایر ویرجین، بریتانیا,18.4207,-64.64,"VGB / VG / British Virgin Islands / Virgin Islands, British"
VIR,VI,"Virgin Islands, U.S.",جزایر ویرجین، ایالات متحده,18.3358,-64.8963,"VIR / VI / Virgin Islands of the United States / Virgin Islands, U.S."
VNM,VN,Viet Nam,ویتنام,14.0583,108.2772,"VNM / VN / Socialist Republic of Viet Nam / Viet Nam, Socialist Republic of / Socialist Rep. of Viet Nam / Socialist Rep of Viet Nam / Viet Nam, Socialist Rep. / Viet Nam, Socialist Rep"
VUT,VU,Vanuatu,وانواتو,-15.3767,166.9592,"VUT / VU / Republic of Vanuatu / Vanuatu, Republic of / Rep. of Vanuatu / Rep of Vanuatu / Vanuatu, Rep. / Vanuatu, Rep"
WLF,WF,Wallis and Futuna,والیس و فوتونا,-13.7688,-177.1561,WLF / WF / Wallis and Futuna / Wallis and Futuna Islands
WSM,WS,Samoa,ساموآ,-13.759,-172.1046,"WSM / WS / Independent State of Samoa / Samoa, Independent State of"
YEM,YE,Yemen,یمن,15.5527,48.5164,"YEM / YE / Republic of Yemen / Yemen, Republic of / Rep. of Yemen / Rep of Yemen / Yemen, Rep. / Yemen, Rep"
MYT,YT,Mayotte,مایوت,-12.8275,45.1662,MYT / YT / Mayotte / Mayotte
ZAF,ZA,South Africa,آفریقای جنوبی,-30.5595,22.9375,"ZAF / ZA / Republic of South Africa / South Africa, Republic of / Rep. of South Africa / Rep of South Africa / South Africa, Rep. / South Africa, Rep"
ZMB,ZM,Zambia,زامبیا,-13.1339,27.8493,"ZMB / ZM / Republic of Zambia / Zambia, Republic of / Rep. of Zambia / Rep of Zambia / Zambia, Rep. / Zambia, Rep"
ZWE,ZW,Zimbabwe,زیمبابوه,-19.0154,29.1549,"ZWE / ZW / Republic of Zimbabwe / Zimbabwe, Republic of / Rep. of Zimbabwe / Rep of Zimbabwe / Zimbabwe, Rep. / Zimbabwe, Rep"
