id,category_0_fa,category_1_fa,category_2_fa,category_3_fa,category_4_fa,label_fa,unit_fa,freq,source_fa,main_source_fa,data_url,update_process,api_code,update_freq,sorting_order,is_demo_active,detail_fa,colour_range
eco_gdp_cur,اقتصاد,تولید ناخالص داخلی,جاری,,,تولید ناخالص داخلی (دلار جاری آمریکا),میلیون دلار,year,بانک جهانی,,https://data.worldbank.org/indicator/NY.GDP.MKTP.CD,Auto,NY.GDP.MKTP.CD,Annual,des,True,این شاخص ارزش کل کالاها و خدمات نهایی تولیدشده در یک کشور را به دلار جاری آمریکا و بدون تعدیل نرخ تورم نشان می‌دهد.,Viridis
eco_gdp_ppp,اقتصاد,تولید ناخالص داخلی,برابری قدرت خرید,,,تولید ناخالص داخلی بر اساس برابری قدرت خرید (دلار بین‌المللی جاری),میلیون دلار,year,بانک جهانی,,https://data.worldbank.org/indicator/NY.GDP.MKTP.PP.CD,Auto,NY.GDP.MKTP.PP.CD,Annual,des,False,این شاخص تولید ناخالص داخلی را با استفاده از نرخ‌های برابری قدرت خرید به دلار بین‌المللی تبدیل می‌کند و با در نظر گرفتن هزینه نسبی زندگی و نرخ تورم، امکان مقایسه دقیق خروجی اقتصادی و سطح زندگی در کشورها را فراهم می‌سازد.,Viridis
eco_gdp_gro,اقتصاد,رشد تولید ناخالص داخلی,,,,رشد تولید ناخالص داخلی (درصد سالانه),درصد,year,بانک جهانی,,https://data.worldbank.org/indicator/NY.GDP.MKTP.KD.ZG,Auto,NY.GDP.MKTP.KD.ZG,Annual,des,False,این شاخص درصد تغییرات سالانه تولید ناخالص داخلی یک کشور را اندازه‌گیری می‌کند و نشان‌دهنده نرخ رشد یا انقباض اقتصاد آن در طول زمان، با تعدیل تغییرات قیمت‌ها است.,Greens
eco_gdp_cap_cur,اقتصاد,تولید ناخالص داخلی سرانه,جاری,,,تولید ناخالص داخلی سرانه (دلار جاری آمریکا),دلار,year,بانک جهانی,,https://data.worldbank.org/indicator/NY.GDP.PCAP.CD,Auto,NY.GDP.PCAP.CD,Annual,des,True,این شاخص میزان تولید ناخالص داخلی یک کشور را تقسیم بر جمعیت میانه‌های سال اندازه‌گیری می‌کند و به دلار جاری آمریکا و بدون تعدیل نرخ تورم بیان می‌شود. این معیار برآوردی از میانگین تولید اقتصادی به ازای هر فرد را ارائه می‌دهد.,Viridis
eco_gdp_cap_ppp,اقتصاد,تولید ناخالص داخلی سرانه,برابری قدرت خرید,,,تولید ناخالص داخلی سرانه بر اساس برابری قدرت خرید (دلار بین‌المللی جاری),دلار,year,بانک جهانی,,https://data.worldbank.org/indicator/NY.GDP.PCAP.PP.CD,Auto,NY.GDP.PCAP.PP.CD,Annual,des,False,این شاخص تولید کل اقتصادی را تقسیم بر کل جمعیت نشان می‌دهد که بر اساس برابری قدرت خرید و دلار بین‌المللی برای مقایسه قدرت خرید افراد در کشورهای مختلف تعدیل شده است.,Viridis
eco_med_inc,اقتصاد,میانه درآمد,,,,میانه درآمد روزانه (دلار بین‌المللی با قیمت‌های ۲۰۲۱),دلار در روز,year,Our World in Data,گزارش فقر بانک جهانی,https://ourworldindata.org/grapher/incomes-across-distribution-wb?indicator=median&decile=nan&period=day&survey_comparability=no_spells,Auto,median_income_per_day,Annual,des,False,این شاخص سطح درآمد روزانه فرد میانه در یک جمعیت را نشان می‌دهد که بر اساس تفاوت قیمت‌ها میان کشورها با دلار بین‌المللی سال ۲۰۲۱ تعدیل شده است.,Greens
eco_inf_rat,اقتصاد,نرخ تورم,,,,تورم، قیمت‌های مصرف‌کننده (درصد سالانه),درصد,year,بانک جهانی,,https://data.worldbank.org/indicator/FP.CPI.TOTL.ZG?most_recent_value_desc=true,Auto,FP.CPI.TOTL.ZG,Annual,des,True,این شاخص درصد تغییرات سالانه در هزینه خریدهای مصرف‌کننده متوسط برای تهیه یک سبد ثابت از کالاها و خدمات را طی زمان اندازه‌گیری می‌کند.,Viridis
eco_emp_par,اقتصاد,اشتغال,نرخ مشارکت,,,نرخ مشارکت اقتصادی,درصد,year,بانک جهانی,سازمان بین‌المللی کار (ILO),https://data.worldbank.org/indicator/SL.TLF.CACT.ZS?most_recent_value_desc=true,Auto,SL.TLF.CACT.ZS,Annual,des,False,این شاخص نسبت جمعیت در سن کار یک کشور را که از نظر اقتصادی فعال هستند، شامل افراد شاغل و کسانی که فعالانه در بازار کار به دنبال شغل هستند، اندازه‌گیری می‌کند.,Viridis
eco_emp_une,اقتصاد,اشتغال,نرخ بیکاری,,,نرخ بیکاری,درصد,year,بانک جهانی,سازمان بین‌المللی کار (ILO),https://data.worldbank.org/indicator/SL.UEM.TOTL.ZS?most_recent_value_desc=true,Auto,SL.UEM.TOTL.ZS,Annual,des,True,این شاخص درصد نیروی کار فعال بدون شغل، آماده به کار و جویای کار را در یک دوره مشخص اندازه می‌گیرد.,Viridis
eco_tra_tot,اقتصاد,تجارت,تجارت کل,,,ارزش کل تجارت (واردات و صادرات),میلیون دلار,year,سازمان ملل متحد,,,Auto,comtrade_total_trade,Annual,des,False,این شاخص ارزش پولی مجموع تمام کالاهای واردشده به یک کشور و صادرشده از آن را اندازه‌گیری می‌کند و دیدگاهی جامع از کل فعالیت‌های تجارت بین‌المللی و ادغام اقتصادی آن ارائه می‌دهد.,Blues
eco_tra_exp,اقتصاد,تجارت,صادرات,,,ارزش کل صادرات,میلیون دلار,year,سازمان ملل متحد,,,Auto,comtrade_exports,Annual,des,False,این شاخص ارزش پولی کل تمامی کالاها و اجناس صادرشده از یک کشور به سایر نقاط جهان را بر حسب میلیون دلار آمریکا اندازه‌گیری می‌کند.,Blues
eco_tra_imp,اقتصاد,تجارت,واردات,,,ارزش کل واردات,میلیون دلار,year,سازمان ملل متحد,,,Auto,comtrade_imports,Annual,des,False,این شاخص ارزش کل کالاها و خدمات خریداری‌شده توسط یک کشور از نهادهای خارجی را به دلار جاری آمریکا نشان می‌دهد.,Blues
pop_tot,جمعیت,جمعیت کل,,,,جمعیت کل,نفر,year,بانک جهانی,سازمان ملل متحد,https://data.worldbank.org/indicator/SP.POP.TOTL,Auto,SP.POP.TOTL,Annual,des,True,این شاخص تعداد کل ساکنان یک کشور را بدون توجه به وضعیت قانونی یا تابعیت اندازه‌گیری کرده و آمار جامعی از کل جمعیت در میانه سال ارائه می‌دهد.,Viridis
pop_urb,جمعیت,شهرنشینی,,,,جمعیت شهری (درصد از کل جمعیت),درصد,year,بانک جهانی,سازمان ملل متحد,https://data.worldbank.org/indicator/SP.URB.TOTL.IN.ZS,Auto,SP.URB.TOTL.IN.ZS,Annual,des,False,این شاخص درصد افرادی را که طبق تعریف مراكز آمار ملی در مناطق شهری زندگی می‌کنند اندازه‌گیری می‌کند و نشان‌دهنده میزان شهرنشینی و مهاجرت جمعیتی به شهرها در یک کشور است.,Viridis
pop_gro,جمعیت,رشد جمعیت,,,,رشد جمعیت (درصد سالانه),درصد,year,بانک جهانی,سازمان ملل متحد,https://data.worldbank.org/indicator/SP.POP.GROW,Cal,SP.POP.GROW,Annual,des,False,این شاخص درصد تغییرات سالانه حجم جمعیت کل یک کشور را اندازه‌گیری می‌کند و نشان‌دهنده برآیند خالص تولدها، مرگ‌ومیرها و مهاجرت در یک سال مشخص است.,Viridis
pop_med_age,جمعیت,میانه سنی,,,,میانه سنی جمعیت,سال,year,بانک جهانی,سازمان ملل متحد,,Auto,un_median_age,Annual,des,False,این شاخص سنّی را نشان می‌دهد که جمعیت را به دو گروه برابر تقسیم می‌کند؛ به‌طوری که نیم از مردم جوان‌تر و نیم دیگر مسن‌تر هستند. این آمار به عنوان یک شاخص کلیدی برای پیری جمعیتی عمل می‌کند.,Viridis
pop_fer_rat,جمعیت,نرخ باروری,,,,نرخ باروری کل,فرزند به ازای هر زن,year,بانک جهانی,سازمان ملل متحد,https://data.worldbank.org/indicator/SP.DYN.TFRT.IN,Auto,SP.DYN.TFRT.IN,Annual,des,False,این شاخص میانگین تعداد فرزندانی را نشان می‌دهد که یک زن در طول زندگی خود به دنیا می‌آورد، در صورتی که در تمام طول سال‌های باروری خود نرخ‌های باروری ویژه سنی کنونی را تجربه کند.,Viridis
pop_bir_rat,جمعیت,نرخ تولد,,,,نرخ خام ولادت (در هر ۱۰۰۰ نفر),به ازای هر ۱۰۰۰ نفر,year,بانک جهانی,سازمان ملل متحد,https://data.worldbank.org/indicator/SP.DYN.CBRT.IN,Auto,SP.DYN.CBRT.IN,Annual,des,False,"این شاخص تعداد سالانه تولدهای زنده را در یک جمعیت به ازای هر ۱,۰۰۰ نفر اندازه‌گیری می‌کند و شاخصی پایه از رشد جمعیت و الگوهای باروری در یک منطقه ارائه می‌دهد.",Viridis
pop_dea_rat,جمعیت,نرخ مرگ و میر,,,,نرخ خام مرگ‌ومیر (در هر ۱۰۰۰ نفر),به ازای هر ۱۰۰۰ نفر,year,بانک جهانی,سازمان ملل متحد,https://data.worldbank.org/indicator/SP.DYN.CDRT.IN,Auto,SP.DYN.CDRT.IN,Annual,des,False,"این شاخص تعداد سالانه مرگ‌ومیر به ازای هر ۱,۰۰۰ نفر از جمعیت میان‌سال را در یک کشور یا منطقه خاص اندازه‌گیری می‌کند. این معیار یک شاخص پایه برای سطح کلی مرگ‌ومیر بدون تعدیل برای ساختار سنی ارائه می‌دهد.",Viridis
pop_old_age,جمعیت,نرخ سالمندی,,,,جمعیت ۶۵ ساله و بالاتر (درصد از کل جمعیت),درصد,year,بانک جهانی,سازمان ملل متحد,https://data.worldbank.org/indicator/SP.POP.65UP.TO.ZS,Auto,SP.POP.65UP.TO.ZS,Annual,des,False,این شاخص درصد جمعیت ۶۵ ساله و بالاتر یک کشور از کل جمعیت را اندازه‌گیری می‌کند و به عنوان یک معیار کلیدی جمعیتی برای ارزیابی پیری جمعیت، نیازهای بهداشتی و درمان و برنامه‌ریزی تأمین اجتماعی به کار می‌رود.,Viridis
hea_lif_mf,سلامت,امید به زندگی,مرد و زن,,,امید به زندگی سالم در بدو تولد - مرد و زن,سال,year,بانک جهانی,سازمان بهداشت جهانی,https://data.worldbank.org/indicator/SP.DYN.LE00.IN,Auto,SP.DYN.LE00.IN,Annual,des,True,این شاخص میانگین سال‌هایی را که انتظار می‌‌رود یک نوزاد با سلامت کامل زندگی کند، با در نظر گرفتن مرگ‌ومیر و معلولیت در میان هر دو جمعیت مردان و زنان اندازه‌گیری می‌کند.,Viridis
hea_lif_mal,سلامت,امید به زندگی,مرد,,,امید به زندگی سالم در بدو تولد - مردان,سال,year,بانک جهانی,سازمان بهداشت جهانی,https://data.worldbank.org/indicator/SP.DYN.LE00.MA.IN,Auto,SP.DYN.LE00.MA.IN,Annual,des,False,این شاخص میانگین تعداد سال‌هایی را که انتظار می‌رود یک نوزاد پسر بر اساس نرخ‌های فعلی مرگ‌ومیر و بیماری، در سلامت کامل و به دور از بیماری یا معلولیت ناشی از سن زندگی کند، اندازه‌گیری می‌کند.,Greens
hea_lif_exp_fem,سلامت,امید به زندگی,زن,,,امید به زندگی سالم در بدو تولد - زنان,سال,year,بانک جهانی,سازمان بهداشت جهانی,https://data.worldbank.org/indicator/SP.DYN.LE00.FE.IN,Auto,SP.DYN.LE00.FE.IN,Annual,des,False,این شاخص متوسط تعداد سال‌هایی را که انتظار می‌رود یک نوزاد دختر با توجه به نرخ‌های فعلی مرگ‌ومیر، بیماری و معلولیت در سلامت کامل زندگی کند، اندازه‌گیری می‌کند.,Viridis
hea_mat_mor,سلامت,مرگ‌ومیر مادران,,,,"نسبت مرگ‌ومیر مادران (در هر ۱۰۰,۰۰۰ تولد زنده)",در هر ۱۰۰٬۰۰۰ تولد زنده,year,بانک جهانی,سازمان بهداشت جهانی,https://data.worldbank.org/indicator/SH.STA.MMRT,Auto,SH.STA.MMRT,Annual,des,False,"این شاخص تعداد زنانی را که به دلیل عوارض مربوط به بارداری به ازای هر ۱۰۰,۰۰۰ تولد زنده جان خود را از دست می‌دهند، اندازه‌گیری می‌کند. این امر نشان‌دهنده کیفیت کلی، دسترسی‌پذیری و اثربخشی سیستم‌های بهداشتی و درمانی برای سلامت مادران است.",Viridis
hea_chi_mor,سلامت,مرگ‌ومیر کودکان,,,,"نرخ مرگ‌ومیر کودکان (زیر ۵ سال) (در هر ۱,۰۰۰ تولد زنده)",در هر ۱٬۰۰۰ تولد زنده,year,بانک جهانی,سازمان بهداشت جهانی,https://data.worldbank.org/indicator/SH.DYN.MORT,Auto,SH.DYN.MORT,Annual,des,False,"این شاخص احتمال فوت کودک قبل از رسیدن به سن پنج سالگی را اندازه می‌گیرد که به ازای هر ۱,۰۰۰ تولد زنده در یک جمعیت مشخص بیان می‌شود.",Viridis
hea_phy,سلامت,پزشک,,,,"پزشکان (به ازای هر ۱,۰۰۰ نفر)",در هر ۱٬۰۰۰ نفر,year,بانک جهانی,سازمان بهداشت جهانی,https://data.worldbank.org/indicator/SH.MED.PHYS.ZS,Auto,SH.MED.PHYS.ZS,Annual,des,False,"این شاخص تعداد پزشکان عمومی و متخصص را به ازای هر ۱,۰۰۰ نفر اندازه‌گیری می‌کند و به عنوان شاخصی کلیدی برای ظرفیت و دسترسی به نظام سلامت عمل می‌کند.",Blues
hea_hos_bed,سلامت,بیمارستان,,,,"تخت‌های بیمارستانی (به ازای هر ۱,۰۰۰ نفر)",در هر ۱٬۰۰۰ نفر,year,بانک جهانی,سازمان بهداشت جهانی,https://data.worldbank.org/indicator/SH.MED.BEDS.ZS,Auto,SH.MED.BEDS.ZS,Annual,des,False,"این شاخص تعداد تخت‌های بیمارستانی موجود به ازای هر ۱,۰۰۰ نفر را اندازه‌گیری کرده و ظرفیت سیستم سلامت را برای ارائه درمان‌های بستری و پذیرش بیماران نیازمند بستری ارزیابی می‌کند.",Blues
hea_nur_mid,سلامت,پرستار,,,,"پرستاران و ماماها (به ازای هر ۱,۰۰۰ نفر)",در هر ۱٬۰۰۰ نفر,year,بانک جهانی,سازمان بهداشت جهانی,https://data.worldbank.org/indicator/SH.MED.NUMW.P3,Auto,SH.MED.NUMW.P3,Annual,des,False,این شاخص تعداد کل پرستاران و ماماهای شاغل به ازای هر ۱۰۰۰ نفر را اندازه‌گیری می‌کند و نشان‌دهنده ظرفیت نیروی کار بخش سلامت و دسترسی کلی به خدمات ضروری پزشکی در یک کشور است.,Blues
edu_lit_rat,آموزش,نرخ باسوادی,,,,نرخ باسوادی بزرگسالان (درصد افراد ۱۵ سال و بالاتر),درصد,year,بانک جهانی,یونسکو,https://data.worldbank.org/indicator/SE.ADT.LITR.ZS,Auto,SE.ADT.LITR.ZS,Annual,des,True,این شاخص درصد افراد ۱۵ سال و بالاتر را اندازه‌گیری می‌کند که می‌توانند یک جمله کوتاه و ساده درباره زندگی روزمره خود را با درک کامل بخوانند و بنویسند، که نشان‌دهنده مهارت‌های پایه باسوادی و پوشش آموزشی است.,Blues
edu_sch_enr_pri,آموزش,ثبت‌نام در مدرسه,ابتدایی,,,ثبت‌نام در مدرسه، ابتدایی (درصد ناخالص),درصد,year,بانک جهانی,یونسکو,https://data.worldbank.org/indicator/SE.PRM.ENRR,Auto,SE.PRM.ENRR,Annual,des,False,این شاخص میزان کل ثبت‌نام در مقطع ابتدایی را بدون توجه به سن، به عنوان درصدی از جمعیت دارای سن رسمی آموزش ابتدایی اندازه‌گیری می‌کند. مقادیر ممکن است به دلیل ثبت‌نام زودرس یا دیررس و تکرار پایه، از ۱۰۰٪ فراتر روند.,Blues
edu_sch_enr_sec,آموزش,ثبت‌نام در مدرسه,متوسطه,,,ثبت‌نام در مدرسه، متوسطه (درصد ناخالص),درصد,year,بانک جهانی,یونسکو,https://data.worldbank.org/indicator/SE.SEC.ENRR,Auto,SE.SEC.ENRR,Annual,des,False,این شاخص میزان کل ثبت‌نام در آموزش متوسطه را بدون توجه به سن، به عنوان درصدی از جمعیت در سن رسمی تحصیل در مقطع متوسطه اندازه‌گیری می‌کند و نشان‌دهنده سطح کلی مشارکت در آموزش متوسطه است.,Blues
edu_sch_enr_ter,آموزش,ثبت‌نام در مدرسه,عالی,,,ثبت‌نام در مدرسه، عالی (درصد ناخالص),درصد,year,بانک جهانی,یونسکو,https://data.worldbank.org/indicator/SE.TER.ENRR,Auto,SE.TER.ENRR,Annual,des,False,این شاخص میزان کل ثبت‌نام در آموزش عالی را، بدون توجه به سن، به عنوان درصدی از جمعیت گروه سنی رسمی آموزش عالی اندازه‌گیری می‌کند. این موضوع نشان‌دهنده میزان مشارکت کلی در برنامه‌های آموزش عالی است.,Viridis
edu_yea_sch_exp,آموزش,سال‌های تحصیل,امید به تحصیل,,,سال‌های مورد انتظار تحصیل,سال,year,بانک جهانی,یونسکو,https://data.worldbank.org/indicator/SE.SCH.LIFE,Auto,SE.SCH.LIFE,Annual,des,False,این شاخص تعداد کل سال‌های تحصیلی را که انتظار می‌رود یک کودک در بدو ورود به نظام آموزشی بگذراند، با فرض ثبات نرخ‌های ثبت‌نام فعلی در طول زندگی او، اندازه‌گیری می‌کند.,Viridis
edu_yea_sch_mea,آموزش,سال‌های تحصیل,میانگین سال‌های تحصیل,,,میانگین سال‌های تحصیل,سال,year,بانک جهانی,یونسکو,,Auto,unesco_mean_years_schooling,Annual,des,False,این شاخص میانگین تعداد سال‌های تحصیلات رسمی تکمیل‌شده توسط بزرگسالان ۲۵ ساله و بالاتر را اندازه‌گیری می‌کند و شاخصی کلیدی از سطح تحصیلات کلی و سرمایه انسانی جمعیت ارائه می‌دهد.,Viridis
ene_tot,انرژی,انرژی کل,کل,,,مصرف انرژی اولیه (کل عرضه انرژی),تراوات ساعت,year,Our World in Data,موسسه انرژی,https://ourworldindata.org/grapher/energy-mix?source=total&metric=total,Auto,energy_total_twh,Annual,des,False,این شاخص کل عرضه انرژی یک کشور را اندازه‌گیری می‌کند، شامل انرژی حاصل از سوخت‌های فسیلی، انرژی هسته‌ای و منابع تجدیدپذیر که پیش از تبدیل، برای تولید برق، گرمایش و حمل‌ونقل استفاده می‌شوند.,Viridis
ene_tot_cap,انرژی,انرژی سرانه,سرانه,,,مصرف انرژی اولیه به ازای هر نفر,کیلووات ساعت,year,Our World in Data,موسسه انرژی,https://ourworldindata.org/grapher/energy-mix?country=IND~USA~CAN~CHN~FRA~GBR&source=total&metric=per_capita,Auto,energy_per_capita,Annual,des,True,این شاخص میانگین کل مصرف انرژی اولیه به ازای هر فرد را در یک کشور یا منطقه مشخص اندازه‌گیری می‌کند که از تقسیم کل عرضه انرژی بر کل جمعیت به دست می‌آید.,Viridis
ene_tes_gdp,انرژی,شدت انرژی,,,,شدت انرژی (کل عرضه انرژی به ازای واحد تولید ناخالص داخلی),کیلووات ساعت بر دلار,year,Our World in Data,موسسه انرژی,https://ourworldindata.org/grapher/energy-intensity,Auto,energy_intensity_gdp,Annual,des,False,این شاخص میزان انرژی مورد نیاز برای تولید یک واحد خروجی اقتصادی را اندازه می‌گیرد که از تقسیم کل عرضه انرژی اولیه بر تولید ناخالص داخلی محاسبه می‌شود. مقادیر پایین‌تر نشان‌دهنده بهره‌وری انرژی بیشتر در تولید اقتصادی است.,Viridis
ene_fos_con,انرژی,سوخت‌های فسیلی,کل سوخت‌های فسیلی,,,مصرف سوخت‌های فسیلی,تراوات ساعت,year,Our World in Data,موسسه انرژی,https://ourworldindata.org/grapher/fossil-fuel-consumption-by-type?tab=table,Auto,fossil_fuel_consumption_twh,Annual,des,False,این شاخص کل انرژی اولیه سالانه مصرف‌شده از منابع سوخت‌های فسیلی، شامل زغال‌سنگ، نفت و گاز طبیعی را بر حسب تراوات-ساعت برای پایش الگوهای مصرف انرژی اندازه‌گیری می‌کند.,Viridis
ene_oil_res,انرژی,سوخت‌های فسیلی,نفت,ذخایر نفت,,ذخایر نفت,میلیون بشکه,year,اوپک,,,Man,,Annual,des,False,این شاخص مقادیر تخمینی نفت خامی را اندازه‌گیری می‌کند که داده‌های زمین‌شناسی و مهندسی با اطمینان معقول نشان می‌دهند تحت شرایط اقتصادی و عملیاتی موجود، در سال‌های آینده از مخازن شناخته‌شده قابل بازیافت هستند.,Viridis
ene_oil_pro,انرژی,سوخت‌های فسیلی,نفت,تولید نفت,,تولید نفت,میلیون بشکه در روز,year,اوپک,,,Man,,Annual,des,False,این شاخص حجم کل نفت خام استخراج‌شده از زمین را به صورت روزانه و بر حسب میلیون بشکه در روز اندازه‌گیری می‌کند. این آمار نشان‌دهنده ظرفیت کلی استخراج و تولید نفت یک کشور در بازار جهانی انرژی است.,Viridis
ene_oil_exp,انرژی,سوخت‌های فسیلی,نفت,صادرات نفت,,صادرات نفت,میلیون بشکه در روز,year,اوپک,,,Man,,Annual,des,False,این شاخص حجم نفت خامی را که به سایر کشورها فروخته و ارسال می‌شود، بر حسب میلیون بشکه در روز اندازه‌گیری می‌کند. این موضوع نشان‌دهنده ظرفیت صادرات نفت خام یک کشور و سهم آن در بازارهای جهانی انرژی است.,Viridis
ene_fos_gas_res,انرژی,سوخت‌های فسیلی,گاز طبیعی,ذخایر گاز طبیعی,,ذخایر گاز طبیعی,متر مکعب,year,Our World in Data,موسسه انرژی,https://ourworldindata.org/grapher/fossil-fuels?country=RUS~IRN~TKM~USA~VEN~AZE~CHN~IRQ~NGA~QAT~ARE~SAU&fuel=gas&metric=reserves&per_capita=total,Auto,owid_gas_reserves,Annual,des,False,این شاخص مقدار تخمینی گاز طبیعی را اندازه‌گیری می‌کند که داده‌های زمین‌شناسی و مهندسی نشان می‌دهند می‌توان در آینده تحت شرایط اقتصادی و عملیاتی موجود از مخازن شناخته‌شده بازیافت کرد.,Viridis
ene_fos_gas_pro,انرژی,سوخت‌های فسیلی,گاز طبیعی,تولید گاز طبیعی,,تولید گاز طبیعی,تراوات ساعت,year,Our World in Data,موسسه انرژی,https://ourworldindata.org/grapher/fossil-fuels?tab=line&country=QAT~USA~RUS~CAN~GBR&fuel=gas&metric=production&per_capita=total,Auto,owid_gas_production,Annual,des,False,این شاخص حجم کل گاز طبیعی استخراج و تولیدشده در یک کشور را بدون احتساب گاز سوزانده‌شده یا تزریق مجدد اندازه‌گیری می‌کند که نشان‌دهنده ظرفیت کل تولید انرژی ملی است.,Viridis
ene_fos_gas_con,انرژی,سوخت‌های فسیلی,گاز طبیعی,مصرف گاز طبیعی,,مصرف گاز طبیعی,تراوات ساعت,year,Our World in Data,موسسه انرژی,https://ourworldindata.org/grapher/fossil-fuels?country=ARG~AUT~USA~CAN~GBR~KOR~CHN&fuel=gas&metric=consumption&per_capita=total,Auto,owid_gas_consumption,Annual,des,False,این شاخص حجم کل گاز طبیعی مصرف‌شده برای انرژی، گرمایش، تولید برق و فرآیندهای صنعتی را در یک کشور یا منطقه طی یک سال مشخص اندازه‌گیری می‌کند.,Viridis
ene_ele_gen_tot,انرژی,برق,کل برق,,,تولید برق,تراوات ساعت,year,Our World in Data,موسسه انرژی,https://ourworldindata.org/grapher/electricity-mix?country=USA~GBR~CHN~OWID_WRL&frequency=annual&metric=generation&source=total,Auto,electricity_generation_twh,Annual,des,False,این شاخص میزان کل برق تولیدشده از تمامی منابع انرژی، از جمله سوخت‌های فسیلی، انرژی هسته‌ای و تجدیدپذیرها را در یک کشور یا منطقه مشخص طی یک دوره یک‌ساله اندازه‌گیری می‌کند.,Blues
ene_ele_gen_cap,انرژی,برق,سرانه برق,,,تولید برق به ازای هر نفر,کیلووات ساعت به ازای هر نفر,year,Our World in Data,موسسه انرژی,https://ourworldindata.org/grapher/electricity-mix?country=GBR~USA~IND~CHN~BRA~AUS~FRA~ZAF&source=total&metric=per_capita&frequency=annual,Auto,electricity_generation_per_capita,Annual,des,False,این شاخص میانگین میزان برق تولیدشده به ازای هر نفر در یک جمعیت را اندازه‌گیری می‌کند و دیدگاهی درباره ظرفیت تولید انرژی، فعالیت‌های صنعتی و دسترسی افراد به برق در سطح کشور ارائه می‌دهد.,Blues
ene_ren,انرژی,انرژی‌های تجدیدپذیر,,,,سهم انرژی‌های تجدیدپذیر از انرژی اولیه,درصد,year,Our World in Data,موسسه انرژی,https://ourworldindata.org/grapher/energy-mix?country=BRA~GBR~PHL&source=renewables&metric=share,Auto,renewables_share_energy,Annual,des,False,این شاخص درصد کل مصرف انرژی اولیه حاصل از منابع تجدیدپذیر مانند انرژی خورشیدی، بادی، برق‌آبی و زمین‌گرمایی را اندازه‌گیری می‌کند و پیشرفت به سوی پذیرش انرژی پایدار را نشان می‌دهد.,Greens
env_ghg_tot,محیط زیست,گازهای گلخانه‌ای,,,,انتشار گازهای گلخانه‌ای (میلیون تن),میلیون تن,year,کمیسیون اروپا,EDGAR,https://edgar.jrc.ec.europa.eu/emissions_reports,Man,,Annual,des,False,این شاخص حجم کل گازهای گلخانه‌ای منتشرشده در جو بر اثر فعالیت‌های انسانی را بر حسب میلیون تن معادل دی‌اکسید کربن اندازه‌گیری می‌کند.,Viridis
env_ghg_cap,محیط زیست,گازهای گلخانه‌ای,,,,انتشار گازهای گلخانه‌ای سرانه (تن),تن,year,کمیسیون اروپا,EDGAR,https://edgar.jrc.ec.europa.eu/emissions_reports,Man,,Annual,des,False,این شاخص میزان کل انتشار سالانه گازهای گلخانه‌ای ناشی از فعالیت‌های انسانی به ازای هر نفر را بر حسب تن معادل دی‌‌اکسید کربن اندازه‌گیری می‌کند و امکان مقایسه عادلانه اثر ردپای فردی را میان کشورها بدون توجه به اندازه کل جمعیت فراهم می‌سازد.,Viridis
env_ghg_gdp,محیط زیست,گازهای گلخانه‌ای,,,,"انتشار گازهای گلخانه‌ای به ازای ۱,۰۰۰ دلار تولید ناخالص داخلی (تن)",تن,year,کمیسیون اروپا,EDGAR,https://edgar.jrc.ec.europa.eu/emissions_reports,Man,,Annual,des,False,"این شاخص حجم انتشار گازهای گلخانه‌ای را به ازای هر ۱,۰۰۰ دلار تولید ناخالص داخلی اندازه‌گیری می‌کند. این معیار، شدت انتشار گازهای گلخانه‌ای یک اقتصاد را ارزیابی کرده و نشان می‌دهد که خروجی اقتصادی تا چه حد در مقایسه با اثرات زیست‌محیطی کلی آن به صورت کارآمد تولید می‌شود.",Viridis
env_co2_tot,محیط زیست,دی‌اکسید کربن,,,,انتشار دی‌اکسید کربن (میلیون تن),میلیون تن,year,کمیسیون اروپا,EDGAR,https://edgar.jrc.ec.europa.eu/emissions_reports,Man,,Annual,des,False,این شاخص میزان کل سالانه انتشار دی‌اکسید کربن ناشی از فعالیت‌های انسانی، از جمله سوزاندن سوخت‌های فسیلی و فرآیندهای صنعتی را بر حسب میلیون تن اندازه‌گیری می‌کند.,Viridis
env_co2_cap,محیط زیست,دی‌اکسید کربن,,,,انتشار دی‌اکسید کربن سرانه (تن),تن,year,کمیسیون اروپا,EDGAR,https://edgar.jrc.ec.europa.eu/emissions_reports,Man,,Annual,des,False,این شاخص میانگین میزان انتشار دی‌اکسید کربن به ازای هر فرد را بر حسب تن متریک در طول یک سال اندازه‌گیری می‌کند و سهم هر کشور در انتشار جهانی کربن را متناسب با جمعیت آن ارزیابی می‌نماید.,Viridis
env_co2_gdp,محیط زیست,دی‌اکسید کربن,,,,"انتشار دی‌اکسید کربن به ازای ۱,۰۰۰ دلار تولید ناخالص داخلی (تن)",تن,year,کمیسیون اروپا,EDGAR,https://edgar.jrc.ec.europa.eu/emissions_reports,Man,,Annual,des,False,"میزان انتشار دی‌اکسید کربن تولیدشده به ازای هر ۱,۰۰۰ دلار تولید ناخالص داخلی را اندازه‌گیری می‌کند که نشان‌دهنده شدت کربن تولید اقتصادی یک کشور است.",Viridis
env_tem_yea,محیط زیست,میانگین دما,سالانه,,,میانگین دمای سطح,درجه سانتی‌‌گراد,year,Our World in Data,سرویس تغییرات اقلیمی کوپرنیک,https://ourworldindata.org/grapher/average-monthly-surface-temperature?tab=table&time=2023-12-01..2026-08-01,Cal,avg_surface_temp_year,Annual,des,False,این شاخص میانگین دمای سطح خشکی و اقیانوس را در یک سال مشخص اندازه‌گیری می‌کند و به عنوان شاخصی کلیدی برای ردیابی روندهای بلندمدت اقلیمی، تغییرات فصلی و تاثیرات گرمایش جهانی در مناطق مختلف عمل می‌کند.,Viridis
env_tem_jan,محیط زیست,میانگین دما,ماهانه,ژانویه,,میانگین ماهانه دمای سطح,درجه سانتی‌گراد,year,Our World in Data,سرویس تغییرات اقلیمی کوپرنیک,https://ourworldindata.org/grapher/average-monthly-surface-temperature?tab=table&time=2023-12-01..2026-08-01,Auto,avg_surface_temp_jan,Annual,des,False,این شاخص میانگین دمای هوا در ارتفاع دو متری از سطح زمین، شامل خشکی‌ها، اقیانوس‌ها و پهنه‌های آبی داخلی را در طول ماه ژانویه اندازه‌گیری می‌کند.,Viridis
env_tem_feb,محیط زیست,میانگین دما,ماهانه,فوریه,,میانگین ماهانه دمای سطح,درجه سانتی‌گراد,year,Our World in Data,سرویس تغییرات اقلیمی کوپرنیک,https://ourworldindata.org/grapher/average-monthly-surface-temperature?tab=table&time=2023-12-01..2026-08-01,Auto,avg_surface_temp_feb,Annual,des,False,این شاخص میانگین دمای هوا در ارتفاع دو متری از سطح زمین، شامل خشکی‌ها، اقیانوس‌ها و پهنه‌های آبی داخلی را در ماه فوریه اندازه‌گیری می‌کند.,Viridis
env_tem_mar,محیط زیست,میانگین دما,ماهانه,مارس,,میانگین ماهانه دمای سطح,درجه سانتی‌گراد,year,Our World in Data,سرویس تغییرات اقلیمی کوپرنیک,https://ourworldindata.org/grapher/average-monthly-surface-temperature?tab=table&time=2023-12-01..2026-08-01,Auto,avg_surface_temp_mar,Annual,des,False,این شاخص میانگین دمای هوا در ارتفاع دو متری از سطح زمین، شامل خشکی، اقیانوس و پهنه‌های آبی درون‌سرزمینی را در ماه مارس اندازه‌گیری می‌کند.,Viridis
env_tem_apr,محیط زیست,میانگین دما,ماهانه,آوریل,,میانگین ماهانه دمای سطح,درجه سانتی‌گراد,year,Our World in Data,سرویس تغییرات اقلیمی کوپرنیک,https://ourworldindata.org/grapher/average-monthly-surface-temperature?tab=table&time=2023-12-01..2026-08-01,Auto,avg_surface_temp_apr,Annual,des,False,میانگین دمای هوا در ارتفاع دو متری از سطح زمین، شامل خشکی‌ها، اقیانوس‌ها و پهنه‌های آبی داخلی در طول ماه آوریل را اندازه‌گیری می‌کند.,Viridis
env_tem_may,محیط زیست,میانگین دما,ماهانه,مه,,میانگین ماهانه دمای سطح,درجه سانتی‌گراد,year,Our World in Data,سرویس تغییرات اقلیمی کوپرنیک,https://ourworldindata.org/grapher/average-monthly-surface-temperature?tab=table&time=2023-12-01..2026-08-01,Auto,avg_surface_temp_may,Annual,des,False,این شاخص میانگین دمای هوا در ارتفاع دو متری از سطح زمین، شامل خشکی، اقیانوس و پهنه‌های آبی درون‌سرزمینی را در ماه مه اندازه‌گیری می‌کند.,Viridis
env_tem_jun,محیط زیست,میانگین دما,ماهانه,ژوئن,,میانگین ماهانه دمای سطح,درجه سانتی‌گراد,year,Our World in Data,سرویس تغییرات اقلیمی کوپرنیک,https://ourworldindata.org/grapher/average-monthly-surface-temperature?tab=table&time=2023-12-01..2026-08-01,Auto,avg_surface_temp_jun,Annual,des,False,این شاخص میانگین دمای هوا را در ارتفاع دو متری از سطح زمین، شامل خشکی، اقیانوس و پهنه‌های آبی داخلی در طول ماه ژوئن اندازه‌گیری می‌کند.,Viridis
env_tem_jul,محیط زیست,میانگین دما,ماهانه,ژوئیه,,میانگین ماهانه دمای سطح,درجه سانتی‌گراد,year,Our World in Data,سرویس تغییرات اقلیمی کوپرنیک,https://ourworldindata.org/grapher/average-monthly-surface-temperature?tab=table&time=2023-12-01..2026-08-01,Auto,avg_surface_temp_jul,Annual,des,False,این شاخص میانگین دمای هوا در ارتفاع دو متری از سطح زمین، شامل خشکی، اقیانوس و پهنه‌های آبی داخلی را در ماه ژوئیه اندازه‌گیری می‌کند.,Viridis
env_tem_aug,محیط زیست,میانگین دما,ماهانه,اوت,,میانگین ماهانه دمای سطح,درجه سانتی‌‌گراد,year,Our World in Data,سرویس تغییرات اقلیمی کوپرنیک,https://ourworldindata.org/grapher/average-monthly-surface-temperature?tab=table&time=2023-12-01..2026-08-01,Auto,avg_surface_temp_aug,Annual,des,False,این شاخص میانگین دمای هوا را در ارتفاع دو متری از سطح زمین، شامل خشکی‌ها، اقیانوس‌ها و پهنه‌های آبی درون‌سرزمینی در طول ماه اوت اندازه‌گیری می‌کند.,Viridis
env_tem_sep,محیط زیست,میانگین دما,ماهانه,سپتامبر,,میانگین ماهانه دمای سطح,درجه سانتی‌گراد,year,Our World in Data,سرویس تغییرات اقلیمی کوپرنیک,https://ourworldindata.org/grapher/average-monthly-surface-temperature?tab=table&time=2023-12-01..2026-08-01,Auto,avg_surface_temp_sep,Annual,des,False,این شاخص میانگین دمای هوا در ارتفاع دو متری از سطح زمین، شامل خشکی، اقیانوس‌ها و پهنه‌های آبی داخلی را در طول ماه سپتامبر اندازه‌گیری می‌کند.,Viridis
env_tem_oct,محیط زیست,میانگین دما,ماهانه,اکتبر,,میانگین ماهانه دمای سطح,درجه سانتی‌گراد,year,Our World in Data,سرویس تغییرات اقلیمی کوپرنیک,https://ourworldindata.org/grapher/average-monthly-surface-temperature?tab=table&time=2023-12-01..2026-08-01,Auto,avg_surface_temp_oct,Annual,des,False,این شاخص میانگین دمای هوا در ارتفاع دو متری از سطح زمین، شامل خشکی، اقیانوس و پهنه‌های آبی داخلی را در طول ماه اکتبر اندازه‌گیری می‌کند.,Viridis
env_tem_nov,محیط زیست,میانگین دما,ماهانه,نوامبر,,میانگین ماهانه دمای سطح,درجه سانتی‌گراد,year,Our World in Data,سرویس تغییرات اقلیمی کوپرنیک,https://ourworldindata.org/grapher/average-monthly-surface-temperature?tab=table&time=2023-12-01..2026-08-01,Auto,avg_surface_temp_nov,Annual,des,False,این شاخص میانگین دمای هوا در ارتفاع دو متری از سطح زمین، شامل خشکی‌ها، اقیانوس‌ها و پهنه‌های آبی داخلی را در ماه نوامبر اندازه‌گیری می‌کند.,Viridis
env_tem_dec,محیط زیست,میانگین دما,ماهانه,دسامبر,,میانگین ماهانه دمای سطح,درجه سانتی‌گراد,year,Our World in Data,سرویس تغییرات اقلیمی کوپرنیک,https://ourworldindata.org/grapher/average-monthly-surface-temperature?tab=table&time=2023-12-01..2026-08-01,Auto,avg_surface_temp_dec,Annual,des,False,این شاخص میانگین دمای هوا در ارتفاع دو متری از سطح زمین، شامل خشکی، اقیانوس و پهنه‌های آبی درون‌سرزمینی را در ماه دسامبر اندازه‌گیری می‌کند.,Viridis
pol_wom_pol,سیاست و حقوق بشر,زنان در سیاست,,,,شاخص مشارکت سیاسی زنان,شاخص (۰-۱),year,Our World in Data,V-Dem,https://ourworldindata.org/grapher/women-political-participation-index,Auto,women_political_participation_index,Annual,des,False,این شاخص میزان حضور زنان در مجالس قانون‌گذاری ملی و بهره‌مندی برابر آن‌ها از قدرت سیاسی همراه با مردان را می‌سنجد که بازتاب‌دهنده شمول و نمایندگی کلی سیاسی زنان است.,Viridis
pol_cor_pol,سیاست و حقوق بشر,فساد,فساد سیاسی,,,شاخص فساد سیاسی,شاخص (۰-۱),year,Our World in Data,V-Dem,https://ourworldindata.org/grapher/political-corruption-index,Auto,political_corruption_index,Annual,des,False,این شاخص میزان فساد سیاسی را در بخش‌های مجریه، مقننه و قضائیه اندازه‌گیری کرده و ارزیابی می‌کند که قدرت عمومی تا چه حد از طریق رشوه، اختلاس و پارتی‌بازی سیاسی برای منافع شخصی سوءاستفاده می‌شود.,Viridis
pol_cor_per,سیاست و حقوق بشر,فساد,ادراک فساد,,,شاخص ادراک فساد,امتیاز (۰-۱۰۰),year,Our World in Data,سازمان شفافیت بین‌الملل,https://ourworldindata.org/grapher/ti-corruption-perception-index,Auto,ti_corruption_perception_index,Annual,des,False,این شاخص میزان ادراک‌شده از فساد در بخش عمومی را در کشورهای سراسر جهان بر اساس ارزیابی‌های کارشناسان و نظرسنجی‌ها، در مقیاسی از ۰ تا ۱۰۰ اندازه‌گیری می‌کند.,RdYlGn
pol_fre_exp,سیاست و حقوق بشر,آزادی بیان,,,,شاخص آزادی بیان,شاخص (۰-۱),year,Our World in Data,V-Dem,https://ourworldindata.org/grapher/freedom-of-expression-index?tab=map,Auto,freedom_of_expression_index,Annual,des,True,میزان احترام دولت‌ها به آزادی مطبوعات و رسانه‌ها، توانایی شهروندان در بحث آزادانه پیرامون مسائل سیاسی و آزادی بیان آکادمیک و فرهنگی را اندازه‌گیری می‌کند.,Viridis
pol_hum_rig,سیاست و حقوق بشر,حقوق بشر,شاخص حقوق بشر,,,شاخص حقوق بشر,شاخص (۰-۱),year,Our World in Data,V-Dem,https://ourworldindata.org/grapher/human-rights-index-vdem,Auto,human_rights_index_vdem,Annual,des,False,این شاخص میزان حمایت از حقوق بشر و آزادی‌های فردی را اندازه‌گیری کرده و آزادی از خشونت دولتی، کار اجباری و سرکوب سیاسی را در کنار حقوق مدنی پایه ارزیابی می‌کند.,Viridis
pol_lgb_rig,سیاست و حقوق بشر,حقوق دگرباشان,,,,شاخص برابری قانونی LGBT+,امتیاز (۰-۱۰۰),year,Our World in Data,Equaldex,https://ourworldindata.org/grapher/lgbt-legal-equality-index?time=2026,Auto,lgbt_legal_equality_index,Annual,des,False,این شاخص میزان حمایت‌های قانونی و حقوق اعطاشده به افراد LGBT+ را در بخش‌های مختلف، از جمله قوانین ضد تبعیض، برابری ازدواج و به رسمیت شناختن هویت جنسیتی اندازه‌گیری می‌کند.,Viridis
