id,category_0,category_1,category_2,category_3,category_4,label_en,unit,freq,source_en,main_source_en,data_url,update_process,api_code,update_freq,sorting_order,is_demo_active,detail_en,colour_range
eco_gdp_cur,Economy,GDP,current,,,GDP (current US$),millions $,year,World Bank,,https://data.worldbank.org/indicator/NY.GDP.MKTP.CD,Auto,NY.GDP.MKTP.CD,Annual,des,True,"Measures the total value of all final goods and services produced within a country, expressed in current U.S. dollars without adjusting for inflation.",Viridis
eco_gdp_ppp,Economy,GDP,ppp,,,GDP PPP (current international $),millions $,year,World Bank,,https://data.worldbank.org/indicator/NY.GDP.MKTP.PP.CD,Auto,NY.GDP.MKTP.PP.CD,Annual,des,False,"Measures gross domestic product converted to international dollars using purchasing power parity rates, allowing for accurate comparisons of economic output and living standards across countries by accounting for relative cost of living and inflation rates.",Viridis
eco_gdp_gro,Economy,GDP growth,,,,GDP growth (annual %),%,year,World Bank,,https://data.worldbank.org/indicator/NY.GDP.MKTP.KD.ZG,Auto,NY.GDP.MKTP.KD.ZG,Annual,des,False,"Measures the annual percentage change in a country's Gross Domestic Product, reflecting the rate at which its economy is expanding or contracting over time, adjusted for price changes.",Greens
eco_gdp_cap_cur,Economy,GDP per capita,current,,,GDP per capita (current US$),$,year,World Bank,,https://data.worldbank.org/indicator/NY.GDP.PCAP.CD,Auto,NY.GDP.PCAP.CD,Annual,des,True,"Measures a nation's gross domestic product divided by its midyear population, expressed in current U.S. dollars without adjusting for inflation. It provides an estimate of the average economic output per person.",Viridis
eco_gdp_cap_ppp,Economy,GDP per capita,ppp,,,"GDP per capita, PPP (current international $)",$,year,World Bank,,https://data.worldbank.org/indicator/NY.GDP.PCAP.PP.CD,Auto,NY.GDP.PCAP.PP.CD,Annual,des,False,"Measures total economic output divided by total population, adjusted for purchasing power parity using international dollars to compare individual purchasing power across countries.",Viridis
eco_med_inc,Economy,Median income,,,,Median income per day (international-$ at 2021 prices),$ per day,year,Our World in Data,World Bank Poverty ,https://ourworldindata.org/grapher/incomes-across-distribution-wb?indicator=median&decile=nan&period=day&survey_comparability=no_spells,Auto,median_income_per_day,Annual,des,False,"Measures the daily income level earned by the median individual in a population, adjusted for price differences across countries using 2021 international dollars.",Greens
eco_inf_rat,Economy,Inflation rate,,,,"Inflation, consumer prices (annual %)",%,year,World Bank,,https://data.worldbank.org/indicator/FP.CPI.TOTL.ZG?most_recent_value_desc=true,Auto,FP.CPI.TOTL.ZG,Annual,des,True,Measures the annual percentage change in the cost to the average consumer of acquiring a fixed basket of goods and services over time.,Viridis
eco_emp_par,Economy,Employment,Participation rate,,,Labor force participation rate,%,year,World Bank,International Labour Organization (ILO),https://data.worldbank.org/indicator/SL.TLF.CACT.ZS?most_recent_value_desc=true,Auto,SL.TLF.CACT.ZS,Annual,des,False,"Measures the proportion of a country's working-age population that is economically active, comprising both employed individuals and those actively seeking employment within the labor market.",Viridis
eco_emp_une,Economy,Employment,Unemployment rate,,,Unemployment rate,%,year,World Bank,International Labour Organization (ILO),https://data.worldbank.org/indicator/SL.UEM.TOTL.ZS?most_recent_value_desc=true,Auto,SL.UEM.TOTL.ZS,Annual,des,True,"Measures the percentage of the total labor force that is currently without work, available for work, and actively seeking employment within a given period.",Viridis
eco_tra_tot,Economy,Trade,Total trade,,,Total trade value (Import & Export),millions $,year,UN Comtrade,,,Auto,comtrade_total_trade,Annual,des,False,"Measures the combined monetary value of all goods imported into and exported from a country, providing a comprehensive overview of its total international trade activity and economic integration.",Blues
eco_tra_exp,Economy,Trade,Export,,,Total Exports value,millions $,year,UN Comtrade,,,Auto,comtrade_exports,Annual,des,False,"Measures the total monetary value of all merchandise and goods exported from a nation to the rest of the world, evaluated in millions of US dollars.",Blues
eco_tra_imp,Economy,Trade,Import,,,Total Imports value,millions $,year,UN Comtrade,,,Auto,comtrade_imports,Annual,des,False,"Measures the total monetary value of all goods and services purchased by a country from foreign entities, expressed in current U.S. dollars.",Blues
pop_tot,Population,Total Population,,,,Total population,person,year,World Bank,UN Population Division,https://data.worldbank.org/indicator/SP.POP.TOTL,Auto,SP.POP.TOTL,Annual,des,True,"Measures the total number of all residents within a country regardless of legal status or citizenship, providing a comprehensive count of the overall population size at midyear.",Viridis
pop_urb,Population,Urbanization,,,,Urban population (% of total population),%,year,World Bank,UN Population Division,https://data.worldbank.org/indicator/SP.URB.TOTL.IN.ZS,Auto,SP.URB.TOTL.IN.ZS,Annual,des,False,"Measures the percentage of people living in urban areas as defined by national statistical offices, reflecting the level of urbanization and demographic movement into cities within a country.",Viridis
pop_gro,Population,Population growth,,,,Population growth (annual %),%,year,World Bank,UN Population Division,https://data.worldbank.org/indicator/SP.POP.GROW,Cal,SP.POP.GROW,Annual,des,False,"Measures the annual percentage rate of change in total population size for a country, reflecting the net balance of births, deaths, and migration over a given year.",Viridis
pop_med_age,Population,Median age,,,,Median age of population,years,year,World Bank,UN Population Division,,Auto,un_median_age,Annual,des,False,"Measures the age that divides a population into two numerically equal groups, with half the people being younger and half older. It serves as a key indicator of demographic aging.",Viridis
pop_fer_rat,Population,Fertility rate,,,,Total fertility rate,Child per woman,year,World Bank,UN Population Division,https://data.worldbank.org/indicator/SP.DYN.TFRT.IN,Auto,SP.DYN.TFRT.IN,Annual,des,False,Measures the average number of children that would be born to a woman over her lifetime if she were to experience the current age-specific fertility rates throughout her childbearing years.,Viridis
pop_bir_rat,Population,Birth rate,,,,"Birth rate, crude (per 1,000 people)","per 1,000 people",year,World Bank,UN Population Division,https://data.worldbank.org/indicator/SP.DYN.CBRT.IN,Auto,SP.DYN.CBRT.IN,Annual,des,False,"Measures the annual number of live births in a population per 1,000 people, providing a baseline indicator of demographic growth and fertility patterns across a region.",Viridis
pop_dea_rat,Population,Death rate,,,,"Death rate, crude (per 1,000 people)","per 1,000 people",year,World Bank,UN Population Division,https://data.worldbank.org/indicator/SP.DYN.CDRT.IN,Auto,SP.DYN.CDRT.IN,Annual,des,False,"Measures the annual number of deaths occurring per 1,000 midyear population in a given country or region. It provides a basic indicator of overall mortality levels without adjusting for age distribution.",Viridis
pop_old_age,Population,Old age rate,,,,Population ages 65 and above (% of total population),%,year,World Bank,UN Population Division,https://data.worldbank.org/indicator/SP.POP.65UP.TO.ZS,Auto,SP.POP.65UP.TO.ZS,Annual,des,False,"Measures the percentage of a country's total population that is aged 65 years and older. It serves as a key demographic metric for assessing population aging, healthcare demands, and social security planning.",Viridis
hea_lif_mf,Health,Life expectancy,Male & Female,,,Healthy life expectancy at birth - male & female,years,year,World Bank,WHO,https://data.worldbank.org/indicator/SP.DYN.LE00.IN,Auto,SP.DYN.LE00.IN,Annual,des,True,"Measures the average number of years that a newborn can expect to live in good health, accounting for mortality and disability across both male and female populations.",Viridis
hea_lif_mal,Health,Life expectancy,Male,,,Healthy life expectancy at birth - male,years,year,World Bank,WHO,https://data.worldbank.org/indicator/SP.DYN.LE00.MA.IN,Auto,SP.DYN.LE00.MA.IN,Annual,des,False,"Measures the average number of years a newborn male is expected to live in good health, free from age-related disease or disability, based on current mortality and morbidity rates.",Greens
hea_lif_exp_fem,Health,Life expectancy,Female,,,Healthy life expectancy at birth - female,years,year,World Bank,WHO,https://data.worldbank.org/indicator/SP.DYN.LE00.FE.IN,Auto,SP.DYN.LE00.FE.IN,Annual,des,False,"Measures the average number of years a newborn female is expected to live in full health, taking into account current mortality, morbidity, and disability rates.",Viridis
hea_mat_mor,Health,Maternal mortality,,,,"Maternal mortality ratio (per 100,000 live births)","per 100,000 live births",year,World Bank,WHO,https://data.worldbank.org/indicator/SH.STA.MMRT,Auto,SH.STA.MMRT,Annual,des,False,"Measures the number of women who die from pregnancy-related causes per 100,000 live births. It reflects the overall quality, accessibility, and effectiveness of healthcare systems for maternal health.",Viridis
hea_chi_mor,Health,Child mortality,,,,"Child (under 5) mortality rate (per 1,000 live births)","per 1,000 live births",year,World Bank,WHO,https://data.worldbank.org/indicator/SH.DYN.MORT,Auto,SH.DYN.MORT,Annual,des,False,"Measures the probability of a child dying before reaching five years of age, expressed per 1,000 live births within a given population.",Viridis
hea_phy,Health,Physician,,,,"Physicians (per 1,000 people)","per 1,000 people",year,World Bank,WHO,https://data.worldbank.org/indicator/SH.MED.PHYS.ZS,Auto,SH.MED.PHYS.ZS,Annual,des,False,"Measures the number of generalist and specialist medical practitioners per 1,000 people, serving as a key indicator of healthcare system capacity and accessibility.",Blues
hea_hos_bed,Health,Hospital,,,,"Hospital beds (per 1,000 people)","per 1,000 people",year,World Bank,WHO,https://data.worldbank.org/indicator/SH.MED.BEDS.ZS,Auto,SH.MED.BEDS.ZS,Annual,des,False,"Measures the number of hospital beds available per 1,000 people, evaluating a health system's capacity to provide inpatient medical treatment and accommodate patients requiring hospitalization.",Blues
hea_nur_mid,Health,Nurses,,,,"Nurses and midwives (per 1,000 people)","per 1,000 people",year,World Bank,WHO,https://data.worldbank.org/indicator/SH.MED.NUMW.P3,Auto,SH.MED.NUMW.P3,Annual,des,False,"Measures the total number of practicing nurses and midwives available per 1,000 people, providing a key indicator of healthcare workforce capacity and the overall accessibility of essential medical services within a country.",Blues
edu_lit_rat,Education,Literacy rate,,,,Adult literacy rate (% of people ages 15 and above),%,year,World Bank,UNESCO,https://data.worldbank.org/indicator/SE.ADT.LITR.ZS,Auto,SE.ADT.LITR.ZS,Annual,des,True,"Measures the percentage of the population aged 15 and older who can read and write with understanding a short, simple statement about their daily life, reflecting basic literacy skills and educational coverage.",Blues
edu_sch_enr_pri,Education,School enrollment,Primary,,,"School enrollment, primary (% gross)",%,year,World Bank,UNESCO,https://data.worldbank.org/indicator/SE.PRM.ENRR,Auto,SE.PRM.ENRR,Annual,des,False,"Measures total primary school enrollment, regardless of age, expressed as a percentage of the population of official primary school age. Values can exceed 100% due to early or late enrollment and grade repetition.",Blues
edu_sch_enr_sec,Education,School enrollment,Secondary,,,"School enrollment, secondary (% gross)",%,year,World Bank,UNESCO,https://data.worldbank.org/indicator/SE.SEC.ENRR,Auto,SE.SEC.ENRR,Annual,des,False,"Measures total enrollment in secondary education, regardless of age, expressed as a percentage of the population of official secondary school age. It indicates the overall level of participation in secondary education.",Blues
edu_sch_enr_ter,Education,School enrollment,Tertiary,,,"School enrollment, tertiary (% gross)",%,year,World Bank,UNESCO,https://data.worldbank.org/indicator/SE.TER.ENRR,Auto,SE.TER.ENRR,Annual,des,False,"Measures the total enrollment in tertiary education, regardless of age, expressed as a percentage of the population in the official age group for tertiary education. It reflects overall participation in higher education programs.",Viridis
edu_yea_sch_exp,Education,Years of Schooling,Expected Years,,,Expected years of schooling,years,year,World Bank,UNESCO,https://data.worldbank.org/indicator/SE.SCH.LIFE,Auto,SE.SCH.LIFE,Annual,des,False,"Measures the total number of years of schooling a child entering the education system is expected to receive, assuming current enrollment ratios remain the same throughout their life.",Viridis
edu_yea_sch_mea,Education,Years of Schooling,Mean Years,,,Mean Years of Schooling,years,year,World Bank,UNESCO,,Auto,unesco_mean_years_schooling,Annual,des,False,"Measures the average number of completed years of formal education received by adults aged 25 and older, providing a key indicator of a population's overall educational attainment and human capital.",Viridis
ene_tot,Energy,Total Energy,Total,,,Primary energy use (total energy supply),terawatt-hours,year,Our World in Data,Energy Institute,https://ourworldindata.org/grapher/energy-mix?source=total&metric=total,Auto,energy_total_twh,Annual,des,False,"Measures the total energy supply of a country, including energy from fossil fuels, nuclear power, and renewable sources used for electricity, heating, and transportation prior to transformation.",Viridis
ene_tot_cap,Energy,Energy per capita,Per capita,,,Primary energy use per person,kilowatt-hours,year,Our World in Data,Energy Institute,https://ourworldindata.org/grapher/energy-mix?country=IND~USA~CAN~CHN~FRA~GBR&source=total&metric=per_capita,Auto,energy_per_capita,Annual,des,True,"Measures the average total primary energy consumption per person in a given country or region, calculated by dividing total energy supply by total population.",Viridis
ene_tes_gdp,Energy,Energy intensity,,,,Energy intensity (Total energy supply per unit of GDP),kilowatt-hours per dollar,year,Our World in Data,Energy Institute,https://ourworldindata.org/grapher/energy-intensity,Auto,energy_intensity_gdp,Annual,des,False,"Measures the amount of energy required to produce one unit of economic output, calculated as total primary energy supply divided by Gross Domestic Product. Lower values indicate greater energy efficiency in economic production.",Viridis
ene_fos_con,Energy,Fossil fuel,Total fossil fuel,,,Fossil fuel consumption,terawatt-hours,year,Our World in Data,Energy Institute,https://ourworldindata.org/grapher/fossil-fuel-consumption-by-type?tab=table,Auto,fossil_fuel_consumption_twh,Annual,des,False,"Measures the total annual primary energy consumed from fossil fuel sources, including coal, oil, and natural gas, expressed in terawatt-hours to monitor energy consumption patterns.",Viridis
ene_oil_res,Energy,Fossil fuel,Oil,Oil reserve,,Oil reserve,million barrels,year,OPEC,,,Man,,Annual,des,False,Measures the estimated quantities of crude oil that geological and engineering data demonstrate with reasonable certainty to be recoverable in future years from known reservoirs under existing economic and operating conditions.,Viridis
ene_oil_pro,Energy,Fossil fuel,Oil,Oil production,,Oil production,million barrels per day,year,OPEC,,,Man,,Annual,des,False,"Measures the total volume of crude oil extracted from the ground daily, expressed in million barrels per day. It reflects a country's overall petroleum extraction capacity and output in the global energy market.",Viridis
ene_oil_exp,Energy,Fossil fuel,Oil,Oil export,,Oil export,million barrels per day,year,OPEC,,,Man,,Annual,des,False,"Measures the volume of crude oil sold and shipped to other countries, calculated in million barrels per day. It reflects a nation's crude oil export capacity and contribution to global energy markets.",Viridis
ene_fos_gas_res,Energy,Fossil fuel,Natural gas,Natural gas reserves,,Natural gas reserves,cubic meters,year,Our World in Data,Energy Institute,https://ourworldindata.org/grapher/fossil-fuels?country=RUS~IRN~TKM~USA~VEN~AZE~CHN~IRQ~NGA~QAT~ARE~SAU&fuel=gas&metric=reserves&per_capita=total,Auto,owid_gas_reserves,Annual,des,False,Measures the estimated quantities of natural gas that geological and engineering data demonstrate can be recovered in the future from known reservoirs under existing economic and operating conditions.,Viridis
ene_fos_gas_pro,Energy,Fossil fuel,Natural gas,Natural gas production,,Natural gas production,terawatt-hours,year,Our World in Data,Energy Institute,https://ourworldindata.org/grapher/fossil-fuels?tab=line&country=QAT~USA~RUS~CAN~GBR&fuel=gas&metric=production&per_capita=total,Auto,owid_gas_production,Annual,des,False,"Measures the total volume of natural gas extracted and produced within a country, excluding gas flared or reinjected, reflecting total national energy production capacity.",Viridis
ene_fos_gas_con,Energy,Fossil fuel,Natural gas,Natural gas consumption,,Natural gas consumption,terawatt-hours,year,Our World in Data,Energy Institute,https://ourworldindata.org/grapher/fossil-fuels?country=ARG~AUT~USA~CAN~GBR~KOR~CHN&fuel=gas&metric=consumption&per_capita=total,Auto,owid_gas_consumption,Annual,des,False,"Measures the total volume of natural gas consumed for energy, heating, electricity generation, and industrial processes within a country or region over a given year.",Viridis
ene_ele_gen_tot,Energy,Electricity,Total electricity,,,Electricity generation,terawatt-hours,year,Our World in Data,Energy Institute,https://ourworldindata.org/grapher/electricity-mix?country=USA~GBR~CHN~OWID_WRL&frequency=annual&metric=generation&source=total,Auto,electricity_generation_twh,Annual,des,False,"Measures the total amount of electricity produced across all power sources, including fossil fuels, nuclear power, and renewables, within a specific country or region over a one-year period.",Blues
ene_ele_gen_cap,Energy,Electricity,Electricity per capita,,,Electricity generation per person,kilowatt-hours per person,year,Our World in Data,Energy Institute,https://ourworldindata.org/grapher/electricity-mix?country=GBR~USA~IND~CHN~BRA~AUS~FRA~ZAF&source=total&metric=per_capita&frequency=annual,Auto,electricity_generation_per_capita,Annual,des,False,"Measures the average amount of electricity generated per person within a population, providing insight into country-level energy production capacity, industrial activity, and individual access to power.",Blues
ene_ren,Energy,Renewables,,,,Share of primary energy from renewables,%,year,Our World in Data,Energy Institute,https://ourworldindata.org/grapher/energy-mix?country=BRA~GBR~PHL&source=renewables&metric=share,Auto,renewables_share_energy,Annual,des,False,"Measures the percentage of total primary energy consumption derived from renewable sources, such as solar, wind, hydro, and geothermal power, illustrating progress toward sustainable energy adoption.",Greens
env_ghg_tot,Environment,Greenhouse Gas,,,,Greenhouse Gas Emissions (million tonnes),million tonnes,year,European Commision,EDGAR,https://edgar.jrc.ec.europa.eu/emissions_reports,Man,,Annual,des,False,"Measures the total volume of greenhouse gases released into the atmosphere from human activities, expressed in millions of metric tonnes of CO2 equivalent.",Viridis
env_ghg_cap,Environment,Greenhouse Gas,,,,Greenhouse Gas Emissions per capita (tonnes),tonnes,year,European Commision,EDGAR,https://edgar.jrc.ec.europa.eu/emissions_reports,Man,,Annual,des,False,"Measures total annual anthropogenic greenhouse gas emissions generated per person, expressed in metric tonnes of CO2 equivalent, allowing for fair comparisons of individual footprint impact across countries regardless of total population size.",Viridis
env_ghg_gdp,Environment,Greenhouse Gas,,,,"Greenhouse Gas Emissions per $1,000 GDP (tonnes)",tonnes,year,European Commision,EDGAR,https://edgar.jrc.ec.europa.eu/emissions_reports,Man,,Annual,des,False,"Measures the volume of greenhouse gas emissions generated per $1,000 of gross domestic product. It evaluates the greenhouse gas intensity of an economy, indicating how efficiently economic output is produced relative to its overall environmental impact.",Viridis
env_co2_tot,Environment,CO2,,,,CO2 Emissions (million tonnes),million tonnes,year,European Commision,EDGAR,https://edgar.jrc.ec.europa.eu/emissions_reports,Man,,Annual,des,False,"Measures the total annual amount of carbon dioxide emissions produced from human activities, including burning fossil fuels and industrial operations, expressed in million metric tonnes.",Viridis
env_co2_cap,Environment,CO2,,,,CO2 Emissions per capita (tonnes),tonnes,year,European Commision,EDGAR,https://edgar.jrc.ec.europa.eu/emissions_reports,Man,,Annual,des,False,"Measures the average amount of carbon dioxide emitted per person in metric tonnes over a year, evaluating an individual country's contribution to global carbon emissions relative to its population size.",Viridis
env_co2_gdp,Environment,CO2,,,,"CO2 Emissions per $1,000 GDP (tonnes)",tonnes,year,European Commision,EDGAR,https://edgar.jrc.ec.europa.eu/emissions_reports,Man,,Annual,des,False,"Measures the amount of carbon dioxide emissions generated per $1,000 of gross domestic product, indicating the carbon intensity of an economy's economic output.",Viridis
env_tem_yea,Environment,Average Temperature,Year,,,Average surface temperature,°C,year,Our World in Data,Copernicus Climate Change Service,https://ourworldindata.org/grapher/average-monthly-surface-temperature?tab=table&time=2023-12-01..2026-08-01,Cal,avg_surface_temp_year,Annual,des,False,"Measures the mean land and ocean surface temperature over a given year, serving as a key indicator for tracking long-term climate trends, seasonal variations, and global warming impacts across regions.",Viridis
env_tem_jan,Environment,Average Temperature,Monthly,January,,Average monthly surface temperature,°C,year,Our World in Data,Copernicus Climate Change Service,https://ourworldindata.org/grapher/average-monthly-surface-temperature?tab=table&time=2023-12-01..2026-08-01,Auto,avg_surface_temp_jan,Annual,des,False,"Measures the average temperature of the air two meters above the Earth's surface, encompassing land, ocean, and inland water bodies during the month of January.",Viridis
env_tem_feb,Environment,Average Temperature,Monthly,February,,Average monthly surface temperature,°C,year,Our World in Data,Copernicus Climate Change Service,https://ourworldindata.org/grapher/average-monthly-surface-temperature?tab=table&time=2023-12-01..2026-08-01,Auto,avg_surface_temp_feb,Annual,des,False,"Measures the average temperature of the air two meters above the Earth's surface, encompassing land, ocean, and inland water bodies during the month of February.",Viridis
env_tem_mar,Environment,Average Temperature,Monthly,March,,Average monthly surface temperature,°C,year,Our World in Data,Copernicus Climate Change Service,https://ourworldindata.org/grapher/average-monthly-surface-temperature?tab=table&time=2023-12-01..2026-08-01,Auto,avg_surface_temp_mar,Annual,des,False,"Measures the average temperature of the air two meters above the Earth's surface, encompassing land, ocean, and inland water bodies during the month of March.",Viridis
env_tem_apr,Environment,Average Temperature,Monthly,April,,Average monthly surface temperature,°C,year,Our World in Data,Copernicus Climate Change Service,https://ourworldindata.org/grapher/average-monthly-surface-temperature?tab=table&time=2023-12-01..2026-08-01,Auto,avg_surface_temp_apr,Annual,des,False,"Measures the average temperature of the air two meters above the Earth's surface, encompassing land, ocean, and inland water bodies during the month of April.",Viridis
env_tem_may,Environment,Average Temperature,Monthly,May,,Average monthly surface temperature,°C,year,Our World in Data,Copernicus Climate Change Service,https://ourworldindata.org/grapher/average-monthly-surface-temperature?tab=table&time=2023-12-01..2026-08-01,Auto,avg_surface_temp_may,Annual,des,False,"Measures the average temperature of the air two meters above the Earth's surface, encompassing land, ocean, and inland water bodies during the month of May.",Viridis
env_tem_jun,Environment,Average Temperature,Monthly,June,,Average monthly surface temperature,°C,year,Our World in Data,Copernicus Climate Change Service,https://ourworldindata.org/grapher/average-monthly-surface-temperature?tab=table&time=2023-12-01..2026-08-01,Auto,avg_surface_temp_jun,Annual,des,False,"Measures the average temperature of the air two meters above the Earth's surface, encompassing land, ocean, and inland water bodies during the month of June.",Viridis
env_tem_jul,Environment,Average Temperature,Monthly,July,,Average monthly surface temperature,°C,year,Our World in Data,Copernicus Climate Change Service,https://ourworldindata.org/grapher/average-monthly-surface-temperature?tab=table&time=2023-12-01..2026-08-01,Auto,avg_surface_temp_jul,Annual,des,False,"Measures the average temperature of the air two meters above the Earth's surface, encompassing land, ocean, and inland water bodies during the month of July.",Viridis
env_tem_aug,Environment,Average Temperature,Monthly,August,,Average monthly surface temperature,°C,year,Our World in Data,Copernicus Climate Change Service,https://ourworldindata.org/grapher/average-monthly-surface-temperature?tab=table&time=2023-12-01..2026-08-01,Auto,avg_surface_temp_aug,Annual,des,False,"Measures the average temperature of the air two meters above the Earth's surface, encompassing land, ocean, and inland water bodies during the month of August.",Viridis
env_tem_sep,Environment,Average Temperature,Monthly,September,,Average monthly surface temperature,°C,year,Our World in Data,Copernicus Climate Change Service,https://ourworldindata.org/grapher/average-monthly-surface-temperature?tab=table&time=2023-12-01..2026-08-01,Auto,avg_surface_temp_sep,Annual,des,False,"Measures the average temperature of the air two meters above the Earth's surface, encompassing land, ocean, and inland water bodies during the month of September.",Viridis
env_tem_oct,Environment,Average Temperature,Monthly,October,,Average monthly surface temperature,°C,year,Our World in Data,Copernicus Climate Change Service,https://ourworldindata.org/grapher/average-monthly-surface-temperature?tab=table&time=2023-12-01..2026-08-01,Auto,avg_surface_temp_oct,Annual,des,False,"Measures the average temperature of the air two meters above the Earth's surface, encompassing land, ocean, and inland water bodies during the month of October.",Viridis
env_tem_nov,Environment,Average Temperature,Monthly,November,,Average monthly surface temperature,°C,year,Our World in Data,Copernicus Climate Change Service,https://ourworldindata.org/grapher/average-monthly-surface-temperature?tab=table&time=2023-12-01..2026-08-01,Auto,avg_surface_temp_nov,Annual,des,False,"Measures the average temperature of the air two meters above the Earth's surface, encompassing land, ocean, and inland water bodies during the month of November.",Viridis
env_tem_dec,Environment,Average Temperature,Monthly,December,,Average monthly surface temperature,°C,year,Our World in Data,Copernicus Climate Change Service,https://ourworldindata.org/grapher/average-monthly-surface-temperature?tab=table&time=2023-12-01..2026-08-01,Auto,avg_surface_temp_dec,Annual,des,False,"Measures the average temperature of the air two meters above the Earth's surface, encompassing land, ocean, and inland water bodies during the month of December.",Viridis
pol_wom_pol,Politics & Human Rights,Women in politics,,,,Women's Political Participation Index,Index (0-1),year,Our World in Data,V-Dem,https://ourworldindata.org/grapher/women-political-participation-index,Auto,women_political_participation_index,Annual,des,False,"Measures the extent to which women are represented in national legislatures and share political power equally with men, reflecting overall female political inclusion and representation.",Viridis
pol_cor_pol,Politics & Human Rights,Corruption,Political Corruption,,,Political Corruption Index,Index (0-1),year,Our World in Data,V-Dem,https://ourworldindata.org/grapher/political-corruption-index,Auto,political_corruption_index,Annual,des,False,"Measures the extent of political corruption across executive, legislative, and judicial spheres, assessing how pervasively public power is misused for private gain through bribery, embezzlement, and political patronage.",Viridis
pol_cor_per,Politics & Human Rights,Corruption,Corruption Perceptions,,,Corruption Perceptions Index,Score (0-100),year,Our World in Data,Transparency International,https://ourworldindata.org/grapher/ti-corruption-perception-index,Auto,ti_corruption_perception_index,Annual,des,False,"Measures the perceived levels of public sector corruption in countries worldwide based on expert assessments and surveys, scoring on a scale from 0 to 100.",RdYlGn
pol_fre_exp,Politics & Human Rights,Freedom of Expression,,,,Freedom of Expression Index,Index (0-1),year,Our World in Data,V-Dem,https://ourworldindata.org/grapher/freedom-of-expression-index?tab=map,Auto,freedom_of_expression_index,Annual,des,True,"Measures the extent to which governments respect press and media freedom, the ability of citizens to openly discuss political matters, and freedom of academic and cultural expression.",Viridis
pol_hum_rig,Politics & Human Rights,Human Rights,Human Rights Index,,,Human Rights Index,Index (0-1),year,Our World in Data,V-Dem,https://ourworldindata.org/grapher/human-rights-index-vdem,Auto,human_rights_index_vdem,Annual,des,False,"Measures the degree to which fundamental human rights and personal liberties are protected, evaluating freedoms from state violence, forced labor, and political repression alongside basic civil rights.",Viridis
pol_lgb_rig,Politics & Human Rights,LGBT rights,,,,LGBT+ Legal Equality Index,Score (0-100),year,Our World in Data,Equaldex,https://ourworldindata.org/grapher/lgbt-legal-equality-index?time=2026,Auto,lgbt_legal_equality_index,Annual,des,False,"Measures the extent of legal protections and rights granted to LGBT+ individuals across various categories, including anti-discrimination laws, marriage equality, and gender recognition.",Viridis
